Артикул;Название (русское);Количество;Местонахождение;Название (английское)
4211888;Светло-серая Н-образная деталь 2х3 с крестовидным отверстием;8;103;Technic, Pin Double with Axle Hole, Light Bluish Gray
4119589;Чёрная Н-образная деталь 2х3 с крестовидным отверстием;108;103;Technic, Pin Double with Axle Hole, Black
32556;Светло-серый 3-модульный штифт;73;103;Technic, Pin 3L without Friction Ridges
4184169;Чёрный 2-модульный штифт с круглой головкой;198;103;Technic, Pin with Friction Ridges and Tow Ball with Round Pin Hole
4514554;Бежевый 3-модульный штифт;101;103;Technic, Pin 3L without Friction Ridges
4514553;Синий 3-модульный штифт;341;103;Blue 6299413 CONNECTOR PEG W. FRICTION 3M (OLD PART NUMBER WAS 4514553) Bright Blue
6558;Чёрный 3-модульный штифт;120;103;Technic, Pin 3L with Friction Ridges
4296059;Г-образный кронштейн;84;103;Technic, Pin Connector Perpendicular 3 x 3 Bent with 4 Pins, Light Bluish Gray
4225033;Н-образный кронштейн;114;115;Technic, Pin Connector Perpendicular 3L with 4 Pins, Light Bluish Gray
4186017;Бежевый 2-модульный штифт-ось;543;103;Technic, Axle 1L with Pin without Friction Ridges, Tan
3749;Чёрный 2-модульный штифт-ось;11;103;Technic, Axle 1L with Pin without Friction Ridges, Black
6562;Серый 2-модульный штифт-ось;12;103;Technic, Axle 1L with Pin without Friction Ridges, Light Bluish Gray
4211865;Светло-серый 3-модульный штифт с головкой для оси;123;103;Technic, Pin 3L with Friction Ridges and Stop Bush, Light Bluish Gray
4211807;Светло-серый 2-модульный гладкий штифт;461;103;Technic, Pin without Friction Ridges, Light Bluish Gray
3673;Жёлтый 2-модульный штифт;1;103;Technic, Pin without Friction Ridges, Yellow
4211483;Светло-серый 1,5-модульный штифт;308;103;Technic, Pin 1/2 without Friction Ridges, Light Bluish Gray
4274;Чёрный 1,5-модульный штифт;3;103;Technic, Pin 1/2 without Friction Ridges, Black
32002;Тёмно-серый 1,5-модульный штифт;120;103;Technic, Pin 3/4, Dark Bluish Gray
61184;Светло-серый 1,5-модульный штифт с палочкой;5;103;Technic, Pin 1/2 with 2L Bar Extension (Flick Missile)
4560175;Светло-серый 3-модульный штифт с поперечным круглым отверстием;52;103;Technic, Pin 3L with Friction Ridges and Center Pin Hole, Light Bluish Gray
87082;Красный 3-модульный штифт с поперечным круглым отверстием;1;103;Technic, Pin 3L with Friction Ridges and Center Pin Hole, Red
32002;Бежевый 1,5-модульный штифт;35;103;Technic, Pin 3/4, Tan
4274;Синий 1,5-модульный штифт;137;103;Technic, Pin 1/2 without Friction Ridges, Blue
32054;Чёрный 3-модульный штифт с головкой для оси;268;103;Technic, Pin 3L with Friction Ridges and Stop Bush, Black
4211375;Светло-серая 2-модульная ось с круглой головкой;89;103;Technic, Axle 1L with Tow Ball
4206482;Синий 2-модульный штифт-ось;1700;103;Technic, Axle 1L with Pin with Friction Ridges, Blue
32054;Зелёный 3-модульный штифт с головкой для оси;1;103;Technic, Pin 3L with Friction Ridges and Stop Bush, Green
32054;Фиолетовый 3-модульный штифт с головкой для оси;2;103;Technic, Pin 3L with Friction Ridges and Stop Bush, Purple
4140806;Красный 3-модульный штифт с головкой для оси;105;103;Technic, Pin 3L with Friction Ridges and Stop Bush, Red
32064;Чёрный кубик 2х1х1 с крестовидным отверстием;4;104;Technic, Brick 1 x 2 with Axle Hole, Black
3700;Чёрный кубик 2х1х1 с круглым отверстием;1;104;Technic, Brick 1 x 2 with Hole, Black
3700;Светло-серый кубик 2х1х1 с круглым отверстием;2;104;Technic, Brick 1 x 2 with Hole, Light Bluish Gray
3700;Тёмно-серый кубик 2х1х1 с круглым отверстием;5;104;Technic, Brick 1 x 2 with Hole, Dark Bluish Gray
32064;Тёмно-серый кубик 2х1х1 с крестовидным отверстием;1;104;Technic, Brick 1 x 2 with Axle Hole, Dark Bluish Gray
32000;Чёрный кубик 2х1х1 с двумя круглыми отверстиями;1;104;Technic, Brick 1 x 2 with Holes, Black
32333;Светло-серая деталь сложной формы на основе кубика 4х1х1 с крышей и восемью круглыми отверстиями в разных местах;1;104;Technic, Pin Connector Block 1 x 5 x 3, Light Bluish Gray
6572;Светло-серая П-образная тонкая деталь подвески с маленьким шариком на конце;4;104;Technic, Steering Knuckle Arm with Tow Ball, Light Bluish Gray
6572;Красная П-образная тонкая деталь подвески с маленьким шариком на конце;1;104;Technic, Steering Knuckle Arm with Tow Ball, Red
6571;Чёрная деталь подвески в виде 3-модульной балки с маленьким шариком посредине;2;104;Technic, Steering Arm Small with Pin Hole and Tow Ball
44135;Тёмно-серый торс Bionicle 2х4х5;12;104;Bionicle Rahkshi Torso Lower Section
41672;Чёрное плечо Bionicle 1х3х7;7;104;Bionicle Bohrok Shoulder, Liftarm 1 x 3 x 7, Black
6244698;Чёрная 9-модульная стяжка для шарниров;49;104;Technic, Link 1 x 9
2739b;Чёрная 6-модульная стяжка для шарниров с зацепами;4;104;Technic, Link 1 x 6 with Stoppers, Black
2739b;Тёмно-серая 6-модульная стяжка для шарниров с зацепами;12;104;Technic, Link 1 x 6 with Stoppers, Dark Bluish Gray
2793;Чёрная 6-модульная стяжка для шарниров без зацепов;7;104;Technic, Link 1 x 6 without Stoppers, Black
2793;Тёмно-серая 6-модульная стяжка для шарниров без зацепов;3;104;Technic, Link 1 x 6 without Stoppers, Dark Bluish Gray
44810;Тёмно-синий торс Маторана Bionicle с 9 зубцами, 2 круглыми и 3 крестовидными отверстиями;1;104;Bionicle Matoran Torso, Gear 9 Tooth with 3 Axle Holes and 2 Pin Holes
44810;Коричневый торс Маторана Bionicle с 9 зубцами, 2 круглыми и 3 крестовидными отверстиями;1;104;Bionicle Matoran Torso, Gear 9 Tooth with 3 Axle Holes and 2 Pin Holes
54271;Светло-серый пускатель сфер Bionicle;1;116;Bionicle Zamor Sphere Launcher
61904;Тёмно-серый цилиндр с двумя тонкими балками;26;104;Technic, Axle and Pin Connector Block 4 x 3 x 2 1/2 (Linear Actuator Holder)
15456;Светло-серая тонкая пластина 2х2 с маленьким шариком;1;104;Plate, Modified 2 x 2 with Tow Ball and Hole
3730;Светло-серая тонкая пластина 2х2 с гнездом под маленький шарик;1;104;Plate, Modified 2 x 2 with Tow Ball Socket, Short, 4 Slots
;Светло-серая короткая стяжка с маленьким шариком на одном конце и гнездом под штифт на другом;1;104;
89650;Тёмно-серый 5-модульный соединитель для шаров Bionicle;19;104;Technic, Axle and Pin Connector 2 x 5 with 2 Ball Joint Sockets, Closed Sides, Open Axle Holes
89651;Тёмно-серый 7-модульный соединитель для шаров Bionicle;1;104;Technic, Axle and Pin Connector 2 x 7 with 2 Ball Joint Sockets, Squared Ends, Open Side Axle Holes
61054;Полупрозрачный 7-модульный соединитель для шаров Bionicle;1;104;Technic, Axle and Pin Connector 2 x 7 with 2 Ball Joint Sockets, Squared Ends, Closed Side Axle Holes
41670;Голубая часть руки Bionicle;2;104;Bionicle Ball Joint 4 x 4 x 2 90 degrees with 2 Ball Joint and Axle Hole
41670;Бежевая часть руки Bionicle;1;104;Bionicle Ball Joint 4 x 4 x 2 90 degrees with 2 Ball Joint and Axle Hole
50922;Коричневый большой кусок руки Bionicle с шаром на конце;1;104;Bionicle Toa Hordika Arm Upper Section with Ball Joint
;Тёмно-серая 2-модульная балка с крестовидными отверстиями и шаром Bionicle под 45 градусов;19;104;
;Чёрный шарик с отверстием под ось;25;104;
;Красный шарик с отверстием под ось;8;104;
x1192px3;Чёрный соединитель Bionicle под шар с нетипичным отверстием на конце (продольным, а не поперечным);1;104;Technic, Axle Connector 2 x 3 with Ball Joint Socket and Axle Socket with Molded Black Rubber Insert Pattern
60176;Тёмно-серый соединитель Bionicle под шар;29;104;Technic, Axle Connector 2 x 3 with Ball Joint Socket - Closed Sides, Angled Forks with Closed Axle Holes
89652;Чёрный соединитель Bionicle под шар;13;104;Technic, Axle Connector 2 x 3 with Ball Joint Socket - Closed Sides, Angled Forks with Open Axle Holes
89652;Зелёный соединитель Bionicle под шар;2;104;Technic, Axle Connector 2 x 3 with Ball Joint Socket - Closed Sides, Angled Forks with Open Axle Holes
89652;Салатовый соединитель Bionicle под шар;1;104;Technic, Axle Connector 2 x 3 with Ball Joint Socket - Closed Sides, Angled Forks with Open Axle Holes
89652;Синий соединитель Bionicle под шар;2;104;Technic, Axle Connector 2 x 3 with Ball Joint Socket - Closed Sides, Angled Forks with Open Axle Holes
89652;Светло-коричневый соединитель Bionicle под шар;1;104;Technic, Axle Connector 2 x 3 with Ball Joint Socket - Closed Sides, Angled Forks with Open Axle Holes
89652;Тёмно-коричневый соединитель Bionicle под шар;4;104;Technic, Axle Connector 2 x 3 with Ball Joint Socket - Closed Sides, Angled Forks with Open Axle Holes
89652;Ярко-оранжевый соединитель Bionicle под шар;6;104;Technic, Axle Connector 2 x 3 with Ball Joint Socket - Closed Sides, Angled Forks with Open Axle Holes
89652;Белый соединитель Bionicle под шар;13;104;Technic, Axle Connector 2 x 3 with Ball Joint Socket - Closed Sides, Angled Forks with Open Axle Holes
31794;Светло-серая 4-модульная балка с чашкой под шарик на конце;25;104;Technic, Steering Arm 5 x 1 with Tow Ball Socket Rounded, Chamfered (Type 2)
2637;Светло-серая 16-модульная стяжка для шарниров;4;104;Technic, Link 1 x 16
47455;Белый 90-градусный соединитель круглой формы с двумя штифтами;10;104;Technic Rotation Joint Ball Loop with Two Perpendicular Pins with Friction
47455;Бордовый 90-градусный соединитель круглой формы с двумя штифтами;26;104;Technic Rotation Joint Ball Loop with Two Perpendicular Pins with Friction
47455;Чёрный 90-градусный соединитель круглой формы с двумя штифтами;4;104;Technic Rotation Joint Ball Loop with Two Perpendicular Pins with Friction
74188c01;Красный магнитный кубик 2х4 с круглым выступом;4;104;Magnet Brick, Modified 2 x 4 Sealed Base with Extension Plate with 2 Studs and Hole
74188c01;Синий магнитный кубик 2х4 с круглым выступом;4;104;Magnet Brick, Modified 2 x 4 Sealed Base with Extension Plate with 2 Studs and Hole
74188c01;Тёмно-серый магнитный кубик 2х4 с круглым выступом;4;104;Magnet Brick, Modified 2 x 4 Sealed Base with Extension Plate with 2 Studs and Hole
64451;Тёмно-серая тонкая балка 6х4 с тремя круглыми отверстиями;3;104;Technic, Link 1 x 9 Bent (6 - 4)
2555;Красная пластина 1х1 с захватом сверху;34;104;Tile, Modified 1 x 1 with Clip
44136;Часть туловища Bionicle с дугообразной секцией;2;104;Bionicle Rahkshi Chest Section
;Жёлтая магнитная 3-модульная балка SmartBricks;3;104;
32529;Чёрное крепление System с одним отверстием;6;105;Technic, Pin Connector Plate with One Hole (Single on Bottom)
32530;Красное крепление System с двумя отверстиями;1;105;Technic, Pin Connector Plate 1 x 2 x 1 2/3 with 2 Holes (Double on Top)
32530;Тёмно-серое крепление System с двумя отверстиями;17;105;Technic, Pin Connector Plate 1 x 2 x 1 2/3 with 2 Holes (Double on Top)
32530;Чёрное крепление System с двумя отверстиями;32;105;Technic, Pin Connector Plate 1 x 2 x 1 2/3 with 2 Holes (Double on Top)
32069;Чёрная деталь манипулятора с двумя штифтами (как штепсель);11;105;Technic, Steering Arm with Pins
;Чёрная деталь манипулятора без штифтов (лебёдка);1;105;
44809;Красная Г-образная деталь 2х2 модуля;6;105;Technic, Pin Connector Perpendicular 2 x 2 Bent
44809;Светло-серая Г-образная деталь 2х2 модуля;11;105;Technic, Pin Connector Perpendicular 2 x 2 Bent
44809;Чёрная Г-образная деталь 2х2 модуля;1;105;Technic, Pin Connector Perpendicular 2 x 2 Bent
41678;Чёрная антисова;18;105;Technic, Axle and Pin Connector Perpendicular Double Split
41678;Красная антисова;13;105;Technic, Axle and Pin Connector Perpendicular Double Split
41678;Тёмно-серая антисова;34;105;Technic, Axle and Pin Connector Perpendicular Double Split
41678;Светло-серая антисова;8;105;Technic, Axle and Pin Connector Perpendicular Double Split
32291;Красная сова;5;105;Technic, Axle and Pin Connector Perpendicular Double
32291;Бирюзовая сова;4;105;Technic, Axle and Pin Connector Perpendicular Double
32291;Фиолетовая сова;3;105;Technic, Axle and Pin Connector Perpendicular Double
32291;Светло-серая сова;6;105;Technic, Axle and Pin Connector Perpendicular Double
32291;Тёмно-серая сова;21;105;Technic, Axle and Pin Connector Perpendicular Double
32291;Чёрная сова;13;105;Technic, Axle and Pin Connector Perpendicular Double
32192;Тёмно-серая трубка под 135 градусов (4) с отверстием посредине;2;105;Technic, Axle and Pin Connector Angled #4 - 135 degrees
32192;Красная трубка под 135 градусов (4) с отверстием посредине;1;105;Technic, Axle and Pin Connector Angled #4 - 135 degrees
32192;Голубая трубка под 135 градусов (4) с отверстием посредине;1;105;Technic, Axle and Pin Connector Angled #4 - 135 degrees
32015;Красная трубка под 112,5 градусов (5) с отверстием посредине;1;105;Technic, Axle and Pin Connector Angled #5 - 112.5 degrees
32015;Тёмно-серая трубка под 112,5 градусов (5) с отверстием посредине;4;105;Technic, Axle and Pin Connector Angled #5 - 112.5 degrees
32015;Чёрная трубка под 112,5 градусов (5) с отверстием посредине;8;105;Technic, Axle and Pin Connector Angled #5 - 112.5 degrees
32192;Светло-серая трубка под 135 градусов (4) с отверстием посредине;44;105;Technic, Axle and Pin Connector Angled #4 - 135 degrees
32192;Чёрная трубка под 135 градусов (4) с отверстием посредине;34;105;Technic, Axle and Pin Connector Angled #4 - 135 degrees
3713;Чёрная муфта;8;105;Technic Bush
3713;Тёмно-серая муфта;2;105;Technic Bush
3713;Красная муфта;60;105;Technic Bush
3713;Светло-серая муфта;600;105;Technic Bush
4265c;Светло-серая полумуфта;400;105;Technic Bush 1/2 Smooth
4265c;Жёлтая полумуфта;286;105;Technic Bush 1/2 Smooth
32034;Синяя 3-модульная трубка под 180 градусов (2) с отверстием посредине;89;105;Technic, Axle and Pin Connector Angled #2 - 180 degrees
32034;Светло-серая 3-модульная трубка под 180 градусов (2) с отверстием посредине;24;105;Technic, Axle and Pin Connector Angled #2 - 180 degrees
32034;Тёмно-серая 3-модульная трубка под 180 градусов (2) с отверстием посредине;2;105;Technic, Axle and Pin Connector Angled #2 - 180 degrees
32034;Белая 3-модульная трубка под 180 градусов (2) с отверстием посредине;15;105;Technic, Axle and Pin Connector Angled #2 - 180 degrees
32034;Чёрная 3-модульная трубка под 180 градусов (2) с отверстием посредине;51;105;Technic, Axle and Pin Connector Angled #2 - 180 degrees
32034;Красная 3-модульная трубка под 180 градусов (2) с отверстием посредине;14;105;Technic, Axle and Pin Connector Angled #2 - 180 degrees
32034;Жёлтая 3-модульная трубка под 180 градусов (2) с отверстием посредине;104;105;Technic, Axle and Pin Connector Angled #2 - 180 degrees
32016;Салатовая 3-модульная трубка под 157,5 градусов (3) с отверстием посредине;3;105;Technic, Axle and Pin Connector Angled #3 - 157.5 degrees
32016;Оранжевая 3-модульная трубка под 157,5 градусов (3) с отверстием посредине;2;105;Technic, Axle and Pin Connector Angled #3 - 157.5 degrees
32016;Красная 3-модульная трубка под 157,5 градусов (3) с отверстием посредине;23;105;Technic, Axle and Pin Connector Angled #3 - 157.5 degrees
32016;Светло-серая 3-модульная трубка под 157,5 градусов (3) с отверстием посредине;23;105;Technic, Axle and Pin Connector Angled #3 - 157.5 degrees
32016;Чёрная 3-модульная трубка под 157,5 градусов (3) с отверстием посредине;114;105;Technic, Axle and Pin Connector Angled #3 - 157.5 degrees
32013;Белая соединительная деталь (как трубка, только одна половина, с круглым отверстием);1;105;Technic, Axle and Pin Connector Angled #1
32013;Тёмно-серая соединительная деталь (как трубка, только одна половина, с круглым отверстием);20;105;Technic, Axle and Pin Connector Angled #1
32013;Светло-серая соединительная деталь (как трубка, только одна половина, с круглым отверстием);17;105;Technic, Axle and Pin Connector Angled #1
32013;Оранжевая соединительная деталь (как трубка, только одна половина, с круглым отверстием);1;105;Technic, Axle and Pin Connector Angled #1
32013;Красная соединительная деталь (как трубка, только одна половина, с круглым отверстием);14;105;Technic, Axle and Pin Connector Angled #1
32013;Жёлтая соединительная деталь (как трубка, только одна половина, с круглым отверстием);4;105;Technic, Axle and Pin Connector Angled #1
32013;Синяя соединительная деталь (как трубка, только одна половина, с круглым отверстием);1;105;Technic, Axle and Pin Connector Angled #1
32013;Чёрная соединительная деталь (как трубка, только одна половина, с круглым отверстием);183;105;Technic, Axle and Pin Connector Angled #1
32014;Чёрная трубка под 90 градусов (6) с отверстием посредине;100;105;Technic, Axle and Pin Connector Angled #6 - 90 degrees
32014;Тёмно-серая трубка под 90 градусов (6) с отверстием посредине;2;105;Technic, Axle and Pin Connector Angled #6 - 90 degrees
32014;Красная трубка под 90 градусов (6) с отверстием посредине;293;105;Technic, Axle and Pin Connector Angled #6 - 90 degrees
44;Чёрная половинная соединительная деталь (как трубка, только одна половина, с отверстием посредине);1;105;Technic, Axle and Pin Connector Toggle Joint Smooth
32039;Коричневая соединительная деталь (как трубка, только одна половина, с крестовидным отверстием);1;105;Technic, Axle Connector with Axle Hole
32039;Красная соединительная деталь (как трубка, только одна половина, с крестовидным отверстием);1;105;Technic, Axle Connector with Axle Hole
32039;Салатовая соединительная деталь (как трубка, только одна половина, с крестовидным отверстием);3;105;Technic, Axle Connector with Axle Hole
32039;Жёлтая соединительная деталь (как трубка, только одна половина, с крестовидным отверстием);13;105;Technic, Axle Connector with Axle Hole
32039;Светло-серая соединительная деталь (как трубка, только одна половина, с крестовидным отверстием);10;105;Technic, Axle Connector with Axle Hole
32039;Чёрная соединительная деталь (как трубка, только одна половина, с крестовидным отверстием);52;105;Technic, Axle Connector with Axle Hole
2905;Красная треугольная пластина 5х3;2;106;Technic, Liftarm, Modified Triangle Thin 3 x 5 with Full Supports
2905;Светло-серая треугольная пластина 5х3;3;106;Technic, Liftarm, Modified Triangle Thin 3 x 5 with Full Supports
99773;Светло-серая треугольная пластина 5х3 (ужатая);1;106;Technic, Liftarm, Modified Triangle Thin 3 x 5 with Short Supports
2905;Чёрная треугольная пластина 5х3;11;106;Technic, Liftarm, Modified Triangle Thin 3 x 5 with Full Supports
2905;Тёмно-серая треугольная пластина 5х3;21;106;Technic, Liftarm, Modified Triangle Thin 3 x 5 with Full Supports
32065;Жёлтая 7-модульная балка полумодульной толщины;4;106;Technic, Liftarm Thin 1 x 7
32065;Чёрная 7-модульная балка полумодульной толщины;5;106;Technic, Liftarm Thin 1 x 7
32065;Бирюзовая 7-модульная балка полумодульной толщины;3;106;Technic, Liftarm Thin 1 x 7
32063;Жёлтая 6-модульная балка полумодульной толщины;4;106;Technic, Liftarm Thin 1 x 6
32063;Светло-серая 6-модульная балка полумодульной толщины;6;106;Technic, Liftarm Thin 1 x 6
32017;Жёлтая 5-модульная балка полумодульной толщины;2;106;Technic, Liftarm Thin 1 x 5
32017;Светло-серая 5-модульная балка полумодульной толщины;5;106;Technic, Liftarm Thin 1 x 5
32017;Тёмно-серая 5-модульная балка полумодульной толщины;2;106;Technic, Liftarm Thin 1 x 5
32017;Чёрная 5-модульная балка полумодульной толщины;2;106;Technic, Liftarm Thin 1 x 5
32249;Жёлтая угловая балка 3х3 с закруглённым соединением, полумодульной толщины;2;106;Technic, Liftarm, Modified L-Shape Quarter Ellipse Thin 3 x 3
32249;Чёрная угловая балка 3х3 с закруглённым соединением, полумодульной толщины;1;106;Technic, Liftarm, Modified L-Shape Quarter Ellipse Thin 3 x 3
32249;Синяя угловая балка 3х3 с закруглённым соединением, полумодульной толщины;2;106;Technic, Liftarm, Modified L-Shape Quarter Ellipse Thin 3 x 3
30000;Светло-серый кубик 2х2х1 с двумя штифтами по бокам;15;106;Brick, Modified 2 x 2 with Pins and Axle Hole
41677;Чёрная 2-модульная балка с крестовидными отверстиями, полумодульной толщины;102;106;Technic, Liftarm Thin 1 x 2 - Axle Holes
41677;Белая 2-модульная балка с крестовидными отверстиями, полумодульной толщины;2;106;Technic, Liftarm Thin 1 x 2 - Axle Holes
41677;Синяя 2-модульная балка с крестовидными отверстиями, полумодульной толщины;2;106;Technic, Liftarm Thin 1 x 2 - Axle Holes
41677;Светло-серая 2-модульная балка с крестовидными отверстиями, полумодульной толщины;22;106;Technic, Liftarm Thin 1 x 2 - Axle Holes
41677;Тёмно-серая 2-модульная балка с крестовидными отверстиями, полумодульной толщины;7;106;Technic, Liftarm Thin 1 x 2 - Axle Holes
41677;Красная 2-модульная балка с крестовидными отверстиями, полумодульной толщины;15;106;Technic, Liftarm Thin 1 x 2 - Axle Holes
6632;Чёрная 3-модульная балка с внешними крестовидными отверстиями, полумодульной толщины;34;106;Technic, Liftarm Thin 1 x 3 - Axle Holes
6632;Светло-серая 3-модульная балка с внешними крестовидными отверстиями, полумодульной толщины;9;106;Technic, Liftarm Thin 1 x 3 - Axle Holes
6632;Красная 3-модульная балка с внешними крестовидными отверстиями, полумодульной толщины;5;106;Technic, Liftarm Thin 1 x 3 - Axle Holes
6632;Белая 3-модульная балка с внешними крестовидными отверстиями, полумодульной толщины;1;106;Technic, Liftarm Thin 1 x 3 - Axle Holes
6632;Синяя 3-модульная балка с внешними крестовидными отверстиями, полумодульной толщины;6;106;Technic, Liftarm Thin 1 x 3 - Axle Holes
6632;Жёлтая 3-модульная балка с внешними крестовидными отверстиями, полумодульной толщины;6;106;Technic, Liftarm Thin 1 x 3 - Axle Holes
6632;Оранжевая 3-модульная балка с внешними крестовидными отверстиями, полумодульной толщины;25;106;Technic, Liftarm Thin 1 x 3 - Axle Holes
6632;Тёмно-серая 3-модульная балка с внешними крестовидными отверстиями, полумодульной толщины;52;106;Technic, Liftarm Thin 1 x 3 - Axle Holes
2905;Жёлтая треугольная пластина 5х3;7;106;Technic, Liftarm, Modified Triangle Thin 3 x 5 with Full Supports
11478;Чёрная 5-модульная балка с внешними крестовидными отверстиями, полумодульной толщины;8;106;Technic, Liftarm Thin 1 x 5 - Axle Holes
32056;Жёлтая угловая балка 3х3, полумодульной толщины;6;106;Technic, Liftarm, Modified Bent Thin L-Shape 3 x 3
32056;Светло-серая угловая балка 3х3, полумодульной толщины;17;106;Technic, Liftarm, Modified Bent Thin L-Shape 3 x 3
32056;Бирюзовая угловая балка 3х3, полумодульной толщины;2;106;Technic, Liftarm, Modified Bent Thin L-Shape 3 x 3
32056;Чёрная угловая балка 3х3, полумодульной толщины;14;106;Technic, Liftarm, Modified Bent Thin L-Shape 3 x 3
32250;Чёрная угловая балка 5х3 с закруглённым соединением, полумодульной толщины;4;106;Technic, Liftarm, Modified L-Shape Quarter Ellipse Thin 3 x 5
32250;Жёлтая угловая балка 5х3 с закруглённым соединением, полумодульной толщины;4;106;Technic, Liftarm, Modified L-Shape Quarter Ellipse Thin 3 x 5
32250;Красная угловая балка 5х3 с закруглённым соединением, полумодульной толщины;1;106;Technic, Liftarm, Modified L-Shape Quarter Ellipse Thin 3 x 5
32250;Оранжевая угловая балка 5х3 с закруглённым соединением, полумодульной толщины;2;106;Technic, Liftarm, Modified L-Shape Quarter Ellipse Thin 3 x 5
32250;Салатовая угловая балка 5х3 с закруглённым соединением, полумодульной толщины;3;106;Technic, Liftarm, Modified L-Shape Quarter Ellipse Thin 3 x 5
32449;Жёлтая 4-модульная балка с внешними крестовидными отверстиями, полумодульной толщины;28;106;Technic, Liftarm Thin 1 x 4 - Axle Holes
32449;Красная 4-модульная балка с внешними крестовидными отверстиями, полумодульной толщины;8;106;Technic, Liftarm Thin 1 x 4 - Axle Holes
32449;Тёмно-серая 4-модульная балка с внешними крестовидными отверстиями, полумодульной толщины;4;106;Technic, Liftarm Thin 1 x 4 - Axle Holes
32449;Серая 4-модульная балка с внешними крестовидными отверстиями, полумодульной толщины;2;106;Technic, Liftarm Thin 1 x 4 - Axle Holes
32449;Светло-серая 4-модульная балка с внешними крестовидными отверстиями, полумодульной толщины;2;106;Technic, Liftarm Thin 1 x 4 - Axle Holes
32449;Чёрная 4-модульная балка с внешними крестовидными отверстиями, полумодульной толщины;33;106;Technic, Liftarm Thin 1 x 4 - Axle Holes
2825;Салатовая 4-модульная балка с внешними крестовидными отверстиями и утолщением на одном конце, полумодульной толщины;2;106;Technic, Liftarm, Modified Stud Connector Thin 1 x 4
2825;Оранжевая 4-модульная балка с внешними крестовидными отверстиями и утолщением на одном конце, полумодульной толщины;2;106;Technic, Liftarm, Modified Stud Connector Thin 1 x 4
2825;Красная 4-модульная балка с внешними крестовидными отверстиями и утолщением на одном конце, полумодульной толщины;4;106;Technic, Liftarm, Modified Stud Connector Thin 1 x 4
2825;Чёрная 4-модульная балка с внешними крестовидными отверстиями и утолщением на одном конце, полумодульной толщины;19;106;Technic, Liftarm, Modified Stud Connector Thin 1 x 4
33299;Светло-серая 3-модульная балка со штифтом на одном конце и утолщением на другом, полумодульной толщины;45;106;Technic, Liftarm, Modified Crank / Pin 1 x 3 - Axle Holes
33299;Чёрная 3-модульная балка со штифтом на одном конце и утолщением на другом, полумодульной толщины;35;106;Technic, Liftarm, Modified Crank / Pin 1 x 3 - Axle Holes
;Жёлтая ломаная деталь с крестовидными отверстиями 2х1х1;48;106;
;Жёлтая ломаная деталь с круглыми и крестовидными отверстиями 4х3х1;60;106;
;Чёрный цилиндр 2х2х1 с крестовидным отверстием посредине;10;106;
;Светло-серый цилиндр 2х2х1 с крестовидным отверстием посредине;3;106;
;Тёмно-серая шайба 2х2 с крестовидным отверстием посредине;4;106;
3069b;Тёмно-серая декоративная пластина 2х1;6;106;Tile 1 x 2 with Groove
3069b;Чёрная декоративная пластина 2х1;54;106;Tile 1 x 2 with Groove
2412;Чёрная декоративная пластина 2х1 с продольными прорезями;5;106;Tile, Modified 1 x 2 Grille (Undetermined Type)
;Флюоресцентная пластина 2х1 с продольными прорезями;12;106;Tile, Modified 1 x 2 Grille (Undetermined Type)
;Светло-серая пластина 2х1 с продольными прорезями;34;106;Tile, Modified 1 x 2 Grille (Undetermined Type)
;Тёмно-серая пластина 2х1 с продольными прорезями;41;106;Tile, Modified 1 x 2 Grille (Undetermined Type)
;Серый мощный столб квадратного сечения;6;106;
;Чёрная балка 16х2х1 с декоративной фермой внизу;1;106;
;Серая балка 16х2х1 с декоративной фермой внизу;1;106;
;Серая гофрированная трубка для WRO;11;106;
;Тёмно-серая балка 2х1 с длинным выносом (как светофор);5;106;
;Светло-серая балка 2х1 с длинным выносом (как светофор);6;106;
6014bc01;Светло-серое колесо System с рифлёной шиной 11 мм;38;107;Wheel 11mm D. x 12mm, Hole Notched for Wheels Holder Pin with Black Tire Offset Tread Small Wide (6014b / 6015)
6014bc03;Белое колесо System с рифлёной шиной 11 мм;13;107;Wheel 11mm D. x 12mm, Hole Notched for Wheels Holder Pin with Black Tire Offset Tread Small Wide, Raised Groove 
50944c02;Белое колесо System с круглым отверстием и рифлёной шиной 11 мм;6;107;Wheel 11mm D. x 6mm with 5 Spokes with Black Tire 17.5mm D. x 6mm with Shallow Staggered Treads - Band Around Center of Tread
50944c02;Жёлтое колесо System с круглым отверстием и рифлёной шиной 11 мм;3;107;Wheel 11mm D. x 6mm with 5 Spokes with Black Tire 17.5mm D. x 6mm with Shallow Staggered Treads - Band Around Center of Tread
50944c02;Серое колесо System с круглым отверстием и рифлёной шиной 11 мм;7;107;Wheel 11mm D. x 6mm with 5 Spokes with Black Tire 17.5mm D. x 6mm with Shallow Staggered Treads - Band Around Center of Tread
56890;Серое колесо System с рифлёной выпуклой шиной 11 мм;2;107;Wheel 11mm D. x 12mm, Hole Notched for Wheels Holder Pin with Black Tire 24 x 12 R Balloon
56890;Белое колесо System с рифлёной выпуклой шиной 11 мм;3;107;Wheel 11mm D. x 12mm, Hole Notched for Wheels Holder Pin with Black Tire 24 x 12 R Balloon
;Колёсная пара на тонкой пластине 4х1 (11 мм);14;107;
;Колёсная пара на тонкой пластине 2х2 (11 мм);7;107;
;Колесо на пластине 2х2 (11 мм);9;107;
;Колёсная пара на тонкой пластине 2х2 с выступами (11 мм);16;107;
;Колёсная пара с гладкой резиной на тонкой пластине 2х2 с выступами (11 мм);18;107;
;Гладкое колёсико System (11 мм);73;107;
;Шина для гладкого колёсика System (11 мм);3;107;
;Колёсико System с малой рифлёной шиной (11 мм);6;107;
;Колёсико System с гладкой широкой шиной (11 мм);3;107;
56890;Шина для колёс System 24х12 (рифлёная);7;107;Tire 24 x 12 R Balloon
;Шина для колёс System примерно 18 мм (рифлёная);1;107;
;Колесо с шиной 30,4х14 (с канавками);18;107;
;Шина 30,4х14 (с канавками);3;107;
4211758;Подкатное колесо EV3 дом. (малое);22;114;Wheel 11mm D. x 8mm with Center Groove
4246901;Шина для подкатного колеса EV3 дом. (малого);4;114;Tire 14mm D. x 6mm Solid Smooth
;Колесо 30,4х14 с круглым отверстием (рифлёное);10;114;
;Шина для колеса 11 мм (широкая, рифлёная);25;107;
32193;Цельнорезиновое колесо с крестовидным отверстием;13;107;Wheel Full Rubber Flat with Axle Hole
55982;Чёрное колесо 18х14 мм с рифлёной шиной и крестовидным отверстием;30;107;Wheel 18mm D. x 14mm with Axle Hole, Fake Bolts and Shallow Spokes with Black Tire 24 x 14 Shallow Tread - Band Around Center of Tread (55982 / 89201)
;Колесо 37х18 с круглым отверстием (рифлёное);1;107;
41531;Красное гладкое колесо без шин с круглыми отверстиями;8;107;Cylinder 4 x 4 x 1 2/3 with Pin Holes and Center Bar
64711;Большое пластиковое колесо с выступами;1;107;Wheel Hard Plastic with Small Cleats
4489;Тележное колесо System с круглым отверстием (малым);5;107;Wheel Wagon Large 33mm D.
;Китайское колесо 30,4х14 с круглым отверстием;2;107;
3960;Чёрная спутниковая тарелка System;4;107;Dish 4 x 4 Inverted (Radar) with Solid Stud
32271;Красная изогнутая балка 7х3;3;108;Technic, Liftarm, Modified Bent Thick 1 x 9 (7 - 3)
32271;Салатовая изогнутая балка 7х3;3;108;Technic, Liftarm, Modified Bent Thick 1 x 9 (7 - 3)
32271;Оранжевая изогнутая балка 7х3;4;108;Technic, Liftarm, Modified Bent Thick 1 x 9 (7 - 3)
32271;Серая изогнутая балка 7х3;3;108;Technic, Liftarm, Modified Bent Thick 1 x 9 (7 - 3)
32271;Белая изогнутая балка 7х3;10;108;Technic, Liftarm, Modified Bent Thick 1 x 9 (7 - 3)
32271;Жёлтая изогнутая балка 7х3;72;108;Technic, Liftarm, Modified Bent Thick 1 x 9 (7 - 3)
32271;Чёрная изогнутая балка 7х3;68;108;Technic, Liftarm, Modified Bent Thick 1 x 9 (7 - 3)
32271;Светло-серая изогнутая балка 7х3;19;108;Technic, Liftarm, Modified Bent Thick 1 x 9 (7 - 3)
32271;Тёмно-серая изогнутая балка 7х3;23;108;Technic, Liftarm, Modified Bent Thick 1 x 9 (7 - 3)
6629;Тёмно-серая изогнутая балка 6х4;7;108;Technic, Liftarm, Modified Bent Thick 1 x 9 (6 - 4)
6629;Чёрная изогнутая балка 6х4;19;108;Technic, Liftarm, Modified Bent Thick 1 x 9 (6 - 4)
6629;Синяя изогнутая балка 6х4;4;108;Technic, Liftarm, Modified Bent Thick 1 x 9 (6 - 4)
6629;Жёлтая изогнутая балка 6х4;11;108;Technic, Liftarm, Modified Bent Thick 1 x 9 (6 - 4)
6629;Красная изогнутая балка 6х4;11;108;Technic, Liftarm, Modified Bent Thick 1 x 9 (6 - 4)
6629;Салатовая изогнутая балка 6х4;2;108;Technic, Liftarm, Modified Bent Thick 1 x 9 (6 - 4)
32009;Белая дважды изогнутая балка 7х4х3;22;108;Technic, Liftarm, Modified Bent Thick 1 x 11.5 Double
32009;Красная дважды изогнутая балка 7х4х3;4;108;Technic, Liftarm, Modified Bent Thick 1 x 11.5 Double
32009;Синяя дважды изогнутая балка 7х4х3;11;108;Technic, Liftarm, Modified Bent Thick 1 x 11.5 Double
32009;Светло-серая дважды изогнутая балка 7х4х3;7;108;Technic, Liftarm, Modified Bent Thick 1 x 11.5 Double
32009;Тёмно-серая дважды изогнутая балка 7х4х3;23;108;Technic, Liftarm, Modified Bent Thick 1 x 11.5 Double
32009;Жёлтая дважды изогнутая балка 7х4х3;13;108;Technic, Liftarm, Modified Bent Thick 1 x 11.5 Double
32009;Чёрная дважды изогнутая балка 7х4х3;52;108;Technic, Liftarm, Modified Bent Thick 1 x 11.5 Double
30360;Чёрная турбина с креплениями System 6 модулей в длину;3;109;Cylinder 3 x 6 x 2 2/3 Horizontal - Round Connections Between Interior Studs
48170;Тёмно-серый кубик 2х2х1 с кольцом для крепления поворотного элемента;2;109;Technic, Brick Modified 2 x 2 with Pin Hole, Rotation Joint Ball Half (Horizontal Top)
47452;Тёмно-серый кубик 2х2х1 с кольцом с одной стороны и цилиндром с другой;5;109;Technic, Brick Modified 2 x 2 with Pin Hole, Rotation Joint Ball Half (Horizontal Top), Rotation Joint Socket
4544154;Жёлтая резинка (длинная);7;109;Cardboard Sleeve 4544154 with Contents
4544146;Красная резинка (средняя);16;109;Cardboard Sleeve 4544146 with Contents
;Белая резинка (короткая);18;109;
53990;Полупрозрачная ракетница (цилиндр с кубиком общим размером 6х3х2);5;109;Projectile Launcher, 2 x 3 x 4 2/3 Disk 2 x 2
48172;Чёрный кубик 2х2х1 с цилиндрами с двух сторон;4;109;Technic, Brick Modified 2 x 2 with Pin Holes and 2 Rotation Joint Sockets
48169;Тёмно-серый кубик 2х2х1 с цилиндром с одной стороны;3;109;Technic, Brick Modified 2 x 2 with Pin Hole, Rotation Joint Socket
30033;Белая пластина 2х2х0,3 с окантовкой в виде штурвала;8;109;Plate, Modified 2 x 2 with Bar Frame Octagonal
30033;Чёрная пластина 2х2х0,3 с окантовкой в виде штурвала;2;109;Plate, Modified 2 x 2 with Bar Frame Octagonal
30033;Тёмно-серая пластина 2х2х0,3 с окантовкой в виде штурвала;3;109;Plate, Modified 2 x 2 with Bar Frame Octagonal
92692;Белая пластина 2х1х0,3 с выступами в виде гусиной лапки;2;109;Plate, Modified 1 x 2 with Angled Bar Handles on Side
;Чёрное декоративное навершие System размером 2х1х1 в виде конца конька крыши;5;109;
;Светло-серая большая циркулярная пила с круглым отверстием;1;109;
x1307;Жёлтый маленький цилиндр 3 модуля длиной типа толкателя;3;109;Bionicle Gear 8 Tooth with Rhotuka Spinner Rod 2.5L
45590;Чёрная 2-модульная резиновая балка с крестовидными отверстиями;74;109;Technic, Axle Connector Double - Flexible Rubber
30536;Стекло для кабины космического корабля (System);1;109;Windscreen 8 x 4 x 2 Curved Taper with Locking Dual 2 Fingers
;Жёлтый киль для самолёта (System);1;109;
32528;Салатовая правая панель для машины с отверстием (Technic);1;109;Technic, Panel Fairing # 6 Small Short, Large Hole, Side B
32527;Салатовая левая панель для машины с отверстием (Technic);1;109;Technic, Panel Fairing # 5 Small Short, Large Hole, Side A
44352;Чёрная левая большая панель для машины с отверстием (Technic);1;109;Technic, Panel Fairing #22 Large Short, Small Hole, Side A
44353;Чёрная правая большая панель для машины с отверстием (Technic);1;109;Technic, Panel Fairing #22 Large Short, Small Hole, Side B
3040;Серо-синий кубик со скосом 2х1х1;7;109;Slope 45 2 x 1
4740;Светло-серая коническая шайба (спутниковая тарелка);303;109;Dish 2 x 2 Inverted (Radar)
4740;Чёрная коническая шайба (спутниковая тарелка);2;109;Dish 2 x 2 Inverted (Radar)
4740;Синяя полупрозрачная коническая шайба (спутниковая тарелка);10;109;Dish 2 x 2 Inverted (Radar)
4740;Оранжевая коническая шайба (спутниковая тарелка);3;109;Dish 2 x 2 Inverted (Radar)
4589;Светло-серый конус System;34;109;Cone 1 x 1
4589;Тёмно-серый конус System;13;109;Cone 1 x 1
4589;Тёмно-красный конус System;1;109;Cone 1 x 1
4589;Коричневый конус System;1;109;Cone 1 x 1
4589;Чёрный конус System;6;109;Cone 1 x 1
4589;Серый конус System;8;109;Cone 1 x 1
4589;Красный полупрозрачный конус System;42;109;Cone 1 x 1
4589;Флюоресцентный конус System;10;109;Cone 1 x 1
4589;Белый конус System;40;109;Cone 1 x 1
50901;Тёмно-серое подобие Н-образного кронштейна без штифтов с одной стороны и с выступом сверху;17;109;Bionicle Rhotuka Connector Block 1 x 3 x 2 with 2 Pins and Axle Hole
30365;Тёмно-серый кубик 2х1х1 с двумя выступами с зубчиками с одной стороны (вертикальными);31;109;Hinge Brick 1 x 2 Locking with 2 Fingers Vertical End, 9 Teeth
30365;Светло-серый кубик 2х1х1 с двумя выступами с зубчиками с одной стороны (вертикальными);4;109;Hinge Brick 1 x 2 Locking with 2 Fingers Vertical End, 9 Teeth
30365;Чёрный кубик 2х1х1 с двумя выступами с зубчиками с одной стороны (вертикальными);6;109;Hinge Brick 1 x 2 Locking with 2 Fingers Vertical End, 9 Teeth
30364;Тёмно-серый кубик 2х1х1 с одним выступом с одной стороны (вертикальным);11;109;Hinge Brick 1 x 2 Locking with 1 Finger Vertical End
30364;Светло-серый кубик 2х1х1 с одним выступом с одной стороны (вертикальным);4;109;Hinge Brick 1 x 2 Locking with 1 Finger Vertical End
30364;Жёлтый кубик 2х1х1 с одним выступом с одной стороны (вертикальным);5;109;Hinge Brick 1 x 2 Locking with 1 Finger Vertical End
30365;Красный кубик 2х1х1 с двумя выступами с зубчиками с одной стороны (вертикальными);22;109;Hinge Brick 1 x 2 Locking with 2 Fingers Vertical End, 9 Teeth
54661;Светло-серый кубик 4х1х1 с двумя выступами с зубчиками с одной стороны и одним выступом с другой (вертикальными);6;109;Hinge Brick 1 x 4 Locking with 1 Finger Vertical End and 2 Fingers Vertical End, 7 Teeth
16646;Белый зуб;19;109;Bionicle 1 x 3 Tooth with Axle Hole
16646;Голубой полупрозрачный зуб;25;109;Bionicle 1 x 3 Tooth with Axle Hole
16646;Розовый полупрозрачный зуб;45;109;Bionicle 1 x 3 Tooth with Axle Hole
16646;Красный зуб;22;109;Bionicle 1 x 3 Tooth with Axle Hole
16646;Оранжевый зуб;43;109;Bionicle 1 x 3 Tooth with Axle Hole
16646;Красный полупрозрачный зуб;3;109;Bionicle 1 x 3 Tooth with Axle Hole
16646;Синий полупрозрачный зуб;4;109;Bionicle 1 x 3 Tooth with Axle Hole
16646;Серый зуб;2;109;Bionicle 1 x 3 Tooth with Axle Hole
16646;Флюоресцентный зуб;5;109;Bionicle 1 x 3 Tooth with Axle Hole
16646;Зелёный полупрозрачный зуб;54;109;Bionicle 1 x 3 Tooth with Axle Hole
32199;Чёрная гибкая 11-модульная ось;6;109;Hose, Soft Axle 11L
32199;Красная гибкая 11-модульная ось;4;109;Hose, Soft Axle 11L
32201;Салатовая гибкая 14-модульная ось;12;109;Hose, Soft Axle 14L
32201;Светло-серая гибкая 14-модульная ось;1;109;Hose, Soft Axle 14L
32235;Светло-серая гибкая 19-модульная ось;5;109;Hose, Soft Axle 19L
75c11;Красный жёсткий 11-модульный шланг для пневматики;8;109;Hose, Rigid 3mm D. 11L / 8.8cm
6247;Синий 11-модульный шарнир;13;109;
52539;Чёрная 20-модульная гофрированная ось;1;109;Hose, Flexible Ribbed with 8mm Ends 19L / 15.2cm
75c19;Жёлтый жёсткий 19-модульный шланг для пневматики;1;109;Hose, Rigid 3mm D. 19L / 15.2cm
32580;Светло-серая гибкая 7-модульная ось;1;109;Hose, Soft Axle 7L
;Белый 11-модульный гибкий стержень;1;109;
;Белый 18-модульный гибкий стержень;7;109;
;Светло-серый 8-модульный гибкий декоративный шланг;1;109;
50937pb01;Чёрно-серое оружие Bionicle;2;109;Bionicle Weapon Hordika Beast Summoner with Pearl Light Gray Flexible End Pattern
;Оранжевое оружие Bionicle;2;109;
;Чёрный скошенный шарнир;1;109;
42003;Жёлтая 3-модульная деталь с двумя круглыми и одним перпендикулярным крестовидным отверстием;8;100;Technic, Axle and Pin Connector Perpendicular 3L with 2 Pin Holes
42003;Красная 3-модульная деталь с двумя круглыми и одним перпендикулярным крестовидным отверстием;36;100;Technic, Axle and Pin Connector Perpendicular 3L with 2 Pin Holes
42003;Чёрная 3-модульная деталь с двумя круглыми и одним перпендикулярным крестовидным отверстием;66;100;Technic, Axle and Pin Connector Perpendicular 3L with 2 Pin Holes
42003;Светло-серая 3-модульная деталь с двумя круглыми и одним перпендикулярным крестовидным отверстием;18;100;Technic, Axle and Pin Connector Perpendicular 3L with 2 Pin Holes
42003;Тёмно-серая 3-модульная деталь с двумя круглыми и одним перпендикулярным крестовидным отверстием;29;100;Technic, Axle and Pin Connector Perpendicular 3L with 2 Pin Holes
39793;Чёрная деталь 3х3х1 с продольными и поперечными отверстиями (из Spike Prime);138;100;Technic, Pin Connector Block, Liftarm 1 x 3 x 3
39793;Розовая деталь 3х3х1 с продольными и поперечными отверстиями (из Spike Prime);2;100;Technic, Pin Connector Block, Liftarm 1 x 3 x 3
32557;Светло-серая длинная сова (с 2-модульным носом);3;100;Technic, Pin Connector Perpendicular Double 3L
32557;Тёмно-серая длинная сова (с 2-модульным носом);1;100;Technic, Pin Connector Perpendicular Double 3L
32557;Чёрная длинная сова (с 2-модульным носом);32;100;Technic, Pin Connector Perpendicular Double 3L
6536;Светло-серая 2-модульная деталь с круглым и перпендикулярным крестовидным отверстием;159;100;Technic, Axle and Pin Connector Perpendicular
6536;Бирюзовая 2-модульная деталь с круглым и перпендикулярным крестовидным отверстием;6;100;Technic, Axle and Pin Connector Perpendicular
6536;Красная 2-модульная деталь с круглым и перпендикулярным крестовидным отверстием;15;100;Technic, Axle and Pin Connector Perpendicular
6536;Жёлтая 2-модульная деталь с круглым и перпендикулярным крестовидным отверстием;32;100;Technic, Axle and Pin Connector Perpendicular
6536;Тёмно-серая 2-модульная деталь с круглым и перпендикулярным крестовидным отверстием;10;100;Technic, Axle and Pin Connector Perpendicular
44809;Светло-серый уголок 2х2;1;100;Technic, Pin Connector Perpendicular 2 x 2 Bent
44809;Чёрный уголок 2х2;1;100;Technic, Pin Connector Perpendicular 2 x 2 Bent
44809;Красный уголок 2х2;14;100;Technic, Pin Connector Perpendicular 2 x 2 Bent
32068;Светло-серая 3-модульная деталь с круглым отверстием на одном конце и перпендикулярным крестовидным на другом;8;100;Technic, Axle and Pin Connector Perpendicular 3L with Pin Hole
32068;Чёрная 3-модульная деталь с круглым отверстием на одном конце и перпендикулярным крестовидным на другом;8;100;Technic, Axle and Pin Connector Perpendicular 3L with Pin Hole
6536;Белая 2-модульная деталь с круглым и перпендикулярным крестовидным отверстием;3;100;Technic, Axle and Pin Connector Perpendicular
6536;Салатовая 2-модульная деталь с круглым и перпендикулярным крестовидным отверстием;7;100;Technic, Axle and Pin Connector Perpendicular
6536;Синяя 2-модульная деталь с круглым и перпендикулярным крестовидным отверстием;1;100;Technic, Axle and Pin Connector Perpendicular
6536;Тёмно-синяя 2-модульная деталь с круглым и перпендикулярным крестовидным отверстием;1;100;Technic, Axle and Pin Connector Perpendicular
6536;Фиолетовая 2-модульная деталь с круглым и перпендикулярным крестовидным отверстием;2;100;Technic, Axle and Pin Connector Perpendicular
6536;Чёрная 2-модульная деталь с круглым и перпендикулярным крестовидным отверстием;108;100;Technic, Axle and Pin Connector Perpendicular
60483;Светло-серая 2-модульная балка с одним крестовидным и одним круглым отверстием;10;100;Technic, Liftarm Thick 1 x 2 - Axle Hole
60483;Тёмно-серая 2-модульная балка с одним крестовидным и одним круглым отверстием;40;100;Technic, Liftarm Thick 1 x 2 - Axle Hole
60483;Чёрная 2-модульная балка с одним крестовидным и одним круглым отверстием;67;100;Technic, Liftarm Thick 1 x 2 - Axle Hole
32184;Светло-серая 3-модульная деталь с крестовидными отверстиями по краям и перпендикулярным круглым посредине;33;100;Technic, Axle and Pin Connector Perpendicular 3L with Center Pin Hole
32184;Чёрная 3-модульная деталь с крестовидными отверстиями по краям и перпендикулярным круглым посредине;54;100;Technic, Axle and Pin Connector Perpendicular 3L with Center Pin Hole
32184;Красная 3-модульная деталь с крестовидными отверстиями по краям и перпендикулярным круглым посредине;45;100;Technic, Axle and Pin Connector Perpendicular 3L with Center Pin Hole
6538c;Чёрная 2-модульная трубка без засечек с крестовидными отверстиями;93;101;Technic, Axle Connector 2L (Smooth with x Hole + Orientation)
6538c;Красная 2-модульная трубка без засечек с крестовидными отверстиями;33;101;Technic, Axle Connector 2L (Smooth with x Hole + Orientation)
6538c;Тёмно-серая 2-модульная трубка без засечек с крестовидными отверстиями;20;101;Technic, Axle Connector 2L (Smooth with x Hole + Orientation)
6538c;Светло-серая 2-модульная трубка без засечек с крестовидными отверстиями;27;101;Technic, Axle Connector 2L (Smooth with x Hole + Orientation)
6538c;Жёлтая 2-модульная трубка без засечек с крестовидными отверстиями;4;101;Technic, Axle Connector 2L (Smooth with x Hole + Orientation)
6538c;Оранжевая 2-модульная трубка без засечек с крестовидными отверстиями;1;101;Technic, Axle Connector 2L (Smooth with x Hole + Orientation)
55013;Тёмно-серая 8-модульная ось с замком;41;101;Technic, Axle 8L with Stop
55013;Чёрная 8-модульная ось с замком;1;101;Technic, Axle 8L with Stop
60485;Светло-серая 9-модульная ось;43;101;Technic, Axle 9L
3737;Зелёная 10-модульная ось;7;101;Technic, Axle 10L
3737;Чёрная 10-модульная ось;214;101;Technic, Axle 10L
3705;Чёрная 4-модульная ось;262;101;Technic, Axle 4L
32073;Чёрная 5-модульная ось;7;101;Technic, Axle 5L
32073;Светло-серая 5-модульная ось;218;101;Technic, Axle 5L
15462;Светло-коричневая 5-модульная ось с замком;11;101;Technic, Axle 5L with Stop
6553;Чёрная деталь с осью и поперечным крестовидным отверстием;31;101;Technic, Axle 2L with Reverser Handle Axle Connector
6553;Светло-серая деталь с осью и поперечным крестовидным отверстием;25;101;Technic, Axle 2L with Reverser Handle Axle Connector
10197;Тёмно-серая деталь с круглым отверстием и двумя осями под 90 градусов;24;101;Technic, Axle and Pin Connector Hub with 2 Perpendicular Axles
57585;Светло-серая 3-лучевая звезда из осей с крестовидным отверстием посредине;14;101;Technic, Axle Connector Hub with 3 Axles
61903;Светло-серое подвижное соединение для осей (кардан);18;101;Technic, Universal Joint 3L
99008;Бежевая 4-модульная ось с гладкой частью;11;101;Technic, Axle 4L with Center Stop
6587;Тёмно-серая 3-модульная ось с замком и выступом;92;118;Technic, Axle 3L with Stud
6587;Серая 3-модульная ось с замком и выступом;15;118;Technic, Axle 3L with Stud
6587;Светло-коричневая 3-модульная ось с замком и выступом;87;118;Technic, Axle 3L with Stud
40244;5-модульная трубка с круглыми отверстиями на концах и углублениями посредине;7;101;Support 1 x 1 x 5 1/3 Spiral Staircase Axle
6538;Бежевая 2-модульная трубка с крестовидными отверстиями и сетчатой нарезкой;14;101;Technic, Axle Connector 2L
6538;Чёрная 2-модульная трубка с крестовидными отверстиями и сетчатой нарезкой;7;101;Technic, Axle Connector 2L
6538;Красная 2-модульная трубка с крестовидными отверстиями и сетчатой нарезкой;34;101;Technic, Axle Connector 2L
6538;Светло-серая 2-модульная трубка с крестовидными отверстиями и сетчатой нарезкой;15;101;Technic, Axle Connector 2L
6538;Тёмно-серая 2-модульная трубка с крестовидными отверстиями и сетчатой нарезкой;17;101;Technic, Axle Connector 2L
6538;Салатовая 2-модульная трубка с крестовидными отверстиями и сетчатой нарезкой;1;101;Technic, Axle Connector 2L
6538;Серая 2-модульная трубка с крестовидными отверстиями и сетчатой нарезкой;70;101;Technic, Axle Connector 2L
62462;Блестящая 2-модульная круглая трубка с прорезью;23;101;Technic, Pin Connector Round 2L with Slot (Pin Joiner Round)
;Чёрная 2-модульная круглая трубка без прорези;1;101;
62462;Чёрная 2-модульная круглая трубка с прорезью;26;101;Technic, Pin Connector Round 2L with Slot (Pin Joiner Round)
62462;Красная 2-модульная круглая трубка с прорезью;5;101;Technic, Pin Connector Round 2L with Slot (Pin Joiner Round)
62462;Жёлтая 2-модульная круглая трубка с прорезью;4;101;Technic, Pin Connector Round 2L with Slot (Pin Joiner Round)
62462;Оранжевая 2-модульная круглая трубка с прорезью;4;101;Technic, Pin Connector Round 2L with Slot (Pin Joiner Round)
62462;Белая 2-модульная круглая трубка с прорезью;3;101;Technic, Pin Connector Round 2L with Slot (Pin Joiner Round)
62462;Светло-серая 2-модульная круглая трубка с прорезью;22;101;Technic, Pin Connector Round 2L with Slot (Pin Joiner Round)
32526;Красная угловая балка 5х3;19;102;Technic, Liftarm, Modified Bent Thick L-Shape 3 x 5
32526;Светло-серая угловая балка 5х3;45;102;Technic, Liftarm, Modified Bent Thick L-Shape 3 x 5
32526;Белая угловая балка 5х3;5;102;Technic, Liftarm, Modified Bent Thick L-Shape 3 x 5
32526;Тёмно-серая угловая балка 5х3;73;102;Technic, Liftarm, Modified Bent Thick L-Shape 3 x 5
32526;Голубая угловая балка 5х3;6;102;Technic, Liftarm, Modified Bent Thick L-Shape 3 x 5
32526;Чёрная угловая балка 5х3;38;102;Technic, Liftarm, Modified Bent Thick L-Shape 3 x 5
32526;Жёлтая угловая балка 5х3;31;102;Technic, Liftarm, Modified Bent Thick L-Shape 3 x 5
32526;Синяя угловая балка 5х3;21;102;Technic, Liftarm, Modified Bent Thick L-Shape 3 x 5
87408;Чёрный П-образный корпус редуктора;5;109;Technic, Pin Connector Toggle Joint Smooth Double with Axle and Pin Holes
32140;Чёрная угловая балка 2х4;95;102;Technic, Liftarm, Modified Bent Thick L-Shape 2 x 4
32140;Серая угловая балка 2х4;20;102;Technic, Liftarm, Modified Bent Thick L-Shape 2 x 4
32140;Жёлтая угловая балка 2х4;10;102;Technic, Liftarm, Modified Bent Thick L-Shape 2 x 4
32140;Оранжевая угловая балка 2х4;5;102;Technic, Liftarm, Modified Bent Thick L-Shape 2 x 4
32526;Салатовая угловая балка 5х3;1;102;Technic, Liftarm, Modified Bent Thick L-Shape 3 x 5
32140;Синяя угловая балка 2х4;2;102;Technic, Liftarm, Modified Bent Thick L-Shape 2 x 4
32140;Красная угловая балка 2х4;38;102;Technic, Liftarm, Modified Bent Thick L-Shape 2 x 4
32140;Светло-серая угловая балка 2х4;52;102;Technic, Liftarm, Modified Bent Thick L-Shape 2 x 4
32140;Тёмно-серая угловая балка 2х4;54;102;Technic, Liftarm, Modified Bent Thick L-Shape 2 x 4
32198;Бежевая тонкая 20-зубая шестерня с крестовидным отверстием;9;110;Technic, Gear 20 Tooth Bevel
32269;Серая 20-зубая шестерня с закруглёнными зубцами и крестовидным отверстием;10;110;Technic, Gear 20 Tooth Double Bevel
32269;Чёрная 20-зубая шестерня с закруглёнными зубцами и крестовидным отверстием;19;110;Technic, Gear 20 Tooth Double Bevel
32269;Бежевая 20-зубая шестерня с закруглёнными зубцами и крестовидным отверстием;28;110;Technic, Gear 20 Tooth Double Bevel
32498;Чёрная 36-зубая шестерня с закруглёнными зубцами и крестовидным отверстием;52;110;Technic, Gear 36 Tooth Double Bevel
6575;Светло-серый эксцентрик;1;110;Technic Cam
6575;Тёмно-серый эксцентрик;24;110;Technic Cam
6575;Чёрный эксцентрик;7;110;Technic Cam
;Поворотная 56-зубая шестерня из NXT1;2;110;
;Поворотная 56-зубая шестерня с высокими креплениямия для штифтов;1;110;
3650b;"Светло-серая 20-зубая шестерня с острыми закруглёнными зубцами (""короной"") и крестовидным отверстием";18;110;Technic, Gear 24 Tooth Crown (2nd Version - Reinforced)
32270;Светло-серая 12-зубая шестерня с закруглёнными зубцами и крестовидным отверстием;172;110;Technic, Gear 12 Tooth Double Bevel
32270;Чёрная 12-зубая шестерня с закруглёнными зубцами и крестовидным отверстием;73;110;Technic, Gear 12 Tooth Double Bevel
76244;Белая 24-зубая шестерня с центральной серой частью и крестовидным отверстием;1;110;Technic, Gear 24 Tooth Clutch
6589;Бежевая тонкая 12-зубая шестерня с крестовидным отверстием;56;110;Technic, Gear 12 Tooth Bevel
6589;Светло-серая тонкая 12-зубая шестерня с крестовидным отверстием;6;110;Technic, Gear 12 Tooth Bevel
87407;Светло-серая плоская 20-зубая шестерня с круглым отверстием;5;110;Technic, Gear 20 Tooth Bevel with Pin Hole
41666;Светло-серая 7-модульная балка с шестернями на обоих концах;18;110;Technic, Arm 1 x 7 with Gear 9 Tooth Double Bevel Ends
;Светло-серая шаровидная 8-зубая шестерня с круглыми зубцами и крестовидным отверстием;32;110;
24014;Светло-серая 2-модульная ось с шестернёй с круглым отверстием на конце;25;110;Technic, Arm with Gear 8 Tooth and 1.5L Axle
92693c01;Линейный актуатор;4;110;Technic Linear Actuator Mini with Dark Bluish Gray Head and Orange Axle
98347;Белое декоративное крылышко из EV3 с круглым отверстием на конце;7;110;Wing 1 x 4 with Pin Hole
32072;Чёрная крестообразная 4-зубая шестерня с шаровидными выступами вместо зубцов и крестовидным отверстием;47;110;Technic Knob Cog / Gear / Wheel
32072;Белая крестообразная 4-зубая шестерня с шаровидными выступами вместо зубцов и крестовидным отверстием;12;110;Technic Knob Cog / Gear / Wheel
32072;Жёлтая крестообразная 4-зубая шестерня с шаровидными выступами вместо зубцов и крестовидным отверстием;10;110;Technic Knob Cog / Gear / Wheel
46372;Светло-серая 28-зубая шестерня с закруглёнными зубцами и крестовидным отверстием;50;110;Technic, Gear 28 Tooth Double Bevel
44810;Бордовый торс Маторана Bionicle с 9 зубцами, 2 круглыми и 3 крестовидными отверстиями;1;104;Bionicle Matoran Torso, Gear 9 Tooth with 3 Axle Holes and 2 Pin Holes
50921;Тёмно-синяя нижняя часть руки Тоа Хордика (Bionicle);2;104;Bionicle Toa Hordika Arm Lower Section with Ball Joint
41667;Светло-серая треугольная деталь с дугообразной зубчатой частью;8;110;Technic, Arm 2 x 5 with 1/4 Gear 8 Tooth Double Bevel
3743;Светло-серая 4-модульная зубчатая рейка;15;110;Technic, Gear Rack 1 x 4
3743;Чёрная 4-модульная зубчатая рейка;1;110;Technic, Gear Rack 1 x 4
87761;Чёрная 7-модульная зубчатая рейка с круглыми и крестовидными отверстиями на концах;7;110;Technic, Gear Rack 1 x 7 with Axle and Pin Holes
6630;Чёрная 8-модульная зубчатая рейка с круглыми отверстиями на концах;10;110;Technic, Gear Rack 1 x 8 with Holes
6630;Светло-серая 8-модульная зубчатая рейка с круглыми отверстиями на концах;1;110;Technic, Gear Rack 1 x 8 with Holes
64781;Чёрная 13-модульная зубчатая рейка с круглыми и крестовидными отверстиями на концах;2;110;Technic, Gear Rack 1 x 13 with Axle and Pin Holes
71015;Корона для лего-человечка;1;111;Minifigure, Headgear Crown
;Прозрачное оконное стекло System 2х4х1 с выступами для крепления деталей сверху;5;111;
61678;Чёрная деталь System 4х1х1 со скошенным верхом в виде дуги и ступенчатым низом;3;111;Slope, Curved 4 x 1
;Чёрная рука лего-человечка с увеличенными пальцами;17;111;
;Чёрное копьё для лего-человечка;1;111;
;Чёрный топор для лего-человечка;1;111;
;Тёмно-серая кирка для лего-человечка;1;111;
;Чёрная палка для лего-человечка (4 модуля);1;111;
;Чёрный рычаг для лего-человечка с трезубцем на конце;1;111;
4032;Тёмно-серая круглая пластина System 2х2х0,3 с крестовидным отверстием посредине;14;111;Plate, Round 2 x 2 with Axle Hole
4032;Красная круглая пластина System 2х2х0,3 с крестовидным отверстием посредине;6;111;Plate, Round 2 x 2 with Axle Hole
2654;Тёмно-серая круглая пластина System 2х2х0,3 с закруглённым днищем (как у реактора);4;111;Plate, Round 2 x 2 with Rounded Bottom (Boat Stud)
2654;Чёрная круглая пластина System 2х2х0,3 с закруглённым днищем (как у реактора);21;111;Plate, Round 2 x 2 with Rounded Bottom (Boat Stud)
3679;Светло-серая верхняя часть поворотной платформы System 2х2х0,3;5;111;Turntable 2 x 2 Plate, Top
4133;Жёлтая оконная рама System;6;111;Pane for Window 2 x 4 x 3
3957;Чёрная 4-модульная антенна System (палка);2;111;Antenna 4H - Round Top
4592c03;Светло-серый рычаг с чёрным основанием System;;111;Antenna Small Base with Light Gray Lever (4592 / 4593)
4592c02;Чёрный рычаг с чёрным основанием System;2;111;Antenna Small Base with Black Lever (4592 / 4593)
4592c02;Чёрный рычаг с синим основанием System;14;111;Antenna Small Base with Black Lever (4592 / 4593)
4592c02;Чёрный рычаг с белым основанием System;1;111;Antenna Small Base with Black Lever (4592 / 4593)
;Руль System (чёрный руль с белой колонкой);3;111;
;Рулевое колесо System (чёрное, примерно 2 модуля в диаметре);12;111;
;Белая кошка System;4;111;
;Светло-серый верхний полукорпус цилиндра ДВЗ;1;111;
50943;Светло-серый воздухозаборник System 2х2;1;111;Vehicle, Air Scoop Engine Top 2 x 2
;Голубое стекло маски аквалангиста для лего-человечка;1;111;
4599;Чёрная верхушка огнетушителя System;4;111;Tap 1 x 1 (Undetermined Type)
4599;Оранжевая верхушка огнетушителя System;2;111;Tap 1 x 1 (Undetermined Type)
4599;Красная верхушка огнетушителя System;2;111;Tap 1 x 1 (Undetermined Type)
4599;Светло-серая верхушка огнетушителя System;70;111;Tap 1 x 1 (Undetermined Type)
4588;Тёмно-серый цилиндр System с 4 стабилизаторами;5;111;Brick, Round 1 x 1 with Fins
;Чёрный молоток для лего-человечка с длинной ручкой;4;111;
;Жёлтая часть носа глайдера System (левая нижняя);1;111;
;Жёлтая часть носа глайдера System (правая нижняя);1;111;
;Жёлтая часть носа глайдера System (левая верхняя);1;111;
;Жёлтая часть носа глайдера System (правая верхняя);1;111;
;Жёлтая часть носа глайдера System (центральная верхняя);1;111;
43712;Жёлтый нос глайдера System;1;111;Wedge 6 x 4 Triple Curved
;Жёлтый цилиндр System для ДВЗ;2;111;
;Серый плоский цилиндр System 1х1х0,3;11;111;
;Красный полупрозрачный плоский цилиндр System 1х1х0,3;65;111;
;Светло-серый плоский цилиндр System 1х1х0,3;53;111;
;Синий плоский цилиндр System 1х1х0,3;15;111;
;Чёрный плоский цилиндр System 1х1х0,3;50;111;
;Жёлтый плоский цилиндр System 1х1х0,3;32;111;
;Оранжевый полупрозрачный плоский цилиндр System 1х1х0,3;18;111;
;Оранжевый плоский цилиндр System 1х1х0,3;1;111;
;Красный плоский цилиндр System 1х1х0,3;5;111;
;Красный полупрозрачный плоский цилиндр с выступами в форме цветка System 1х1х0,3;2;111;
;Белый полупрозрачный плоский цилиндр System 1х1х0,3;5;111;
;Флюоресцентный плоский цилиндр System 1х1х0,3;1;111;
;Светло-коричневый плоский цилиндр System 1х1х0,3;1;111;
;Жёлтый полупрозрачный плоский цилиндр System 1х1х0,3;1;111;
;Красный полупрозрачный плоский цилиндр System 1х1х0,3 с плоским навершием;17;111;
4133;Белая оконная рама System;8;111;Pane for Window 2 x 4 x 3
;Зелёная ставня System;2;111;
;Чёрная дверца System;2;111;
;Тёмно-серая телефонная трубка;3;111;
;Чёрная шайба диаметром 3 модуля без креплений, с логотипом Лего;1;111;
;Чёрный нос космического корабля System;1;111;
2421;Чёрный пропеллер с длинными лопастями System;1;111;Propeller 3 Blade Small
6041;Чёрный пропеллер с широкими лопастями System (водный винт);1;111;Propeller 3 Blade 3 Diameter with Axle Hole
2479;Основа пропеллера 5х5;1;111;Propeller 4 Blade 5 Diameter with Rounded Ends and Open Hub
47299;Серая защита колена Bionicle;1;111;Bionicle Toa Metru Knee Cover
44849;Синий корпус хоккеиста Technic;4;111;Sports Hockey Player Body
;Тёмно-серый пускатель хоккейных шайб;2;111;
;Чёрный пускатель хоккейных шайб;1;111;
50899;Серый пропеллер Bionicle;9;111;Bionicle Rhotuka Spinner (Propeller / Rotor)
;Серое звено цепи System;14;111;
;Чёрный бивень System;14;111;
3649;Светло-серая 40-зубая шестерня с квадратными зубцами;35;112;Technic, Gear 40 Tooth
3647;Тёмно-серая 8-зубая шестерня со слабыми зубцами;27;112;Technic, Gear 8 Tooth
10928;Тёмно-серая 8-зубая шестерня с усиленными зубцами;21;112;Technic, Gear 8 Tooth with Dual Face
3647;Светло-серая 8-зубая шестерня;2;112;Technic, Gear 8 Tooth
6542;Тёмно-серая 16-зубая шестерня с круглым отверстием;24;112;Technic, Gear 16 Tooth with Clutch
4019;Светло-серая 16-зубая шестерня с крестовидным отверстием;49;112;Technic, Gear 16 Tooth (First Version - 4 Round Holes)
;Чёрно-серая 28-зубая поворотная шестерня;2;112;
6588;Прозрачный корпус редуктора;4;112;Technic, Gearbox 2 x 4 x 3 1/3
3648;Светло-серая 24-зубая шестерня;6;112;Technic, Gear 24 Tooth with 1 Axle Hole
3648;Тёмно-серая 24-зубая шестерня;9;112;Technic, Gear 24 Tooth with 1 Axle Hole
3873;Чёрное звено цепи с выступами;25;112;Technic, Link Tread
3711;Чёрное звено цепи;227;112;Technic, Link Chain
62821a;Тёмно-серый дифференциал с плоскими закруглёнными зубцами;26;112;Technic, Gear Differential with Inner Tabs and Open Center, 28 Bevel Teeth
4716;Чёрный длинный червяк;1;112;Technic, Gear Worm Screw, Long
4716;Светло-серый длинный червяк;15;112;Technic, Gear Worm Screw, Long
27938;Тёмно-серый короткий червяк;25;112;Technic, Gear Worm Screw, Short
6573;Тёмно-серый дифференциал с квадратными зубцами;29;112;Technic, Gear Differential, 24-16 Teeth
;Красный цилиндр для лебёдки;9;112;
35188;Оранжевое колесо со спиральной нарезкой;25;112;Technic Changeover Rotary Catch
46834;Внешняя часть подвижного соединителя осей;25;112;Technic, Clutch Connector Female / Outside
46835;Внутренняя часть подвижного соединителя осей;25;112;Technic, Clutch Connector Male / Inside
;Белое малое колесо System с протектором (липкое);335;113;
;Светло-серое малое колесо System с протектором;1;113;
;Шина с протектором от малого колеса System;4;113;
55981;Светло-серое колесо 18х14 мм с рифлёной шиной и круглым отверстием;10;113;Wheel 18mm D. x 14mm with Pin Hole, Fake Bolts and Shallow Spokes with Black Tire 30.4 x 14 Offset Tread
55982;Светло-серое колесо 18х14 мм с рифлёной шиной и крестовидным отверстием;5;113;Wheel 18mm D. x 14mm with Axle Hole, Fake Bolts and Shallow Spokes with Black Tire 24 x 14 Shallow Tread - Band Around Center of Tread (55982 / 89201)
;Светло-серое малое колесо System с гладкой шиной (липкое);11;113;
;Гладкая широкая шина от малого колеса System (липкая);119;113;
30285c01;Белое колесо 18х14 со слегка рифлёным протектором;32;113;Wheel 18mm D. x 14mm with Black Tire 30.4 x 14
30285c02;Серое колесо 18х14 с мелкоузорчатым протектором;2;113;Wheel 18mm D. x 14mm with Black Tire 24 x 14 Shallow Tread (30285 / 30648)
4185c01;Светло-серое подкатное колесо NXT с шиной;11;120;Technic Wedge Belt Wheel (Pulley) with Black Technic Wedge Belt Wheel Tire (4185 / 2815)
32146;Фиолетовое пластиковое колесо 30,4х14;1;113;Wheel 30.4 x 14 Solid Smooth
32146;Бирюзовое пластиковое колесо 30,4х14;1;113;Wheel 30.4 x 14 Solid Smooth
32012;Тёмно-серая широкая лебёдка;1;113;String Reel 3 x 2 x 3 Drum with Axle Hole
61510;Светло-серая узкая лебёдка;1;113;String Reel 2 x 1 x 2 Drum with Axle Hole
;Жёлтый цилиндрический барабан System с круглым отверстием посредине;2;113;
13971;Светло-серое колесо 18х8 с круглым отверстием посредине;6;113;Wheel 18mm D. x 8mm with Fake Bolts and Deep Spokes with Inner Ring
55981;Светло-серое колесо 18х14 с круглым отверстием посредине;1;113;Wheel 18mm D. x 14mm with Pin Hole, Fake Bolts and Shallow Spokes
;Белое колесо с нестандартным круглым отверстием;3;114;
2444;Белая пластина 2х2х0,3 с круглым отверстием сбоку для штифта;6;114;Plate, Modified 2 x 2 with Pin Hole
11458;Тёмно-серая пластина 2х1х0,3 с круглым отверстием сверху для штифта;1;114;Plate, Modified 1 x 2 with Pin Hole on Top
2817;Чёрная пластина 2х2х0,3 с отверстиями для штифтов по бокам;1;114;Plate, Modified 2 x 2 with Pin Holes
50862;Светло-серое колесо от мотоцикла System;1;114;Wheel 15mm D. x 6mm City Motorcycle
92409;Чёрное колесо 11х6 с шиной с протектором;1;114;Wheel 11mm D. x 6mm with 5 Spokes with Black Tire 17.5mm D. x 6mm with Shallow Staggered Treads - Band Around Center of Tread (50944 / 92409)
2346;Шина 30х10,5 с протектором;1;114;Tire 30 x 10.5 Offset Tread
;Шина 22х10 (примерно) с протектором;2;114;
92907;Чёрное вилочное крепление для подкатного колеса EV3 дом.;7;114;Technic, Axle and Pin Connector Perpendicular Split
;Белое малое колесо от мотоцикла System с гладкой шиной;1;114;
;Гладкая узкая шина от малого колеса System;7;114;
;Белый кубик 2х2х1 со штифтом с одной стороны;2;114;
;Светло-серый кубик 4х2х1 с штифтами с двух сторон;1;114;
;Тёмно-серый кубик 4х2х1 с штифтами с двух сторон;1;114;
;Чёрная пластина 2х2х0,3 с креплением для колёсика System сбоку;4;114;
;Светло-серая пластина 2х2х0,3 с колёсиком System с гладкой узкой шиной сбоку;2;114;
;Тёмно-серый кубик 2х1х0,3 со штифтом сбоку;2;114;
;Светло-серое самолётное шасси (пластнина 2х2х0,3 с креплением для колёсиков System снизу) с двумя белыми колёсиками без шин;1;114;
;Светло-серое самолётное шасси (пластнина 2х2х0,3 с креплением для колёсиков System снизу) с двумя светло-серыми колёсиками с узкими шинами;1;114;
13971c01;Светло-серое колесо 18х18 с надорванной шиной с протектором;1;114;Wheel 18mm D. x 8mm with Fake Bolts and Deep Spokes with Inner Ring with Black Tire 24mm D. x 7mm Offset Tread - Band Around Center of Tread (13971 / 61254)
54271;Чёрный пускатель сфер Bionicle;3;116;Bionicle Zamor Sphere Launcher
53550;Чёрный механизм подачи для пускателя сфер Bionicle;1;116;Bionicle Zamor Sphere Holder
54271;Тёмно-серый пускатель сфер Bionicle;1;116;Bionicle Zamor Sphere Launcher
53550;Тёмно-серый механизм подачи для пускателя сфер Bionicle;2;116;Bionicle Zamor Sphere Holder
64391;Белый левый короткий клык EV3;7;116;Technic, Panel Fairing # 4 Small Smooth Long, Side B
64683;Белый правый короткий клык EV3;6;116;Technic, Panel Fairing # 3 Small Smooth Long, Side A
64391;Оранжевый левый короткий клык EV3;1;116;Technic, Panel Fairing # 4 Small Smooth Long, Side B
64683;Оранжевый правый короткий клык EV3;1;116;Technic, Panel Fairing # 3 Small Smooth Long, Side A
64391;Чёрный левый короткий клык EV3;1;116;Technic, Panel Fairing # 4 Small Smooth Long, Side B
64393;Белый левый длинный клык EV3;4;116;Technic, Panel Fairing # 6 Long Smooth, Side B
64681;Белый правый длинный клык EV3;5;116;Technic, Panel Fairing # 5 Long Smooth, Side A
64393;Жёлтый левый длинный клык EV3;1;116;Technic, Panel Fairing # 6 Long Smooth, Side B
64681;Жёлтый правый длинный клык EV3;1;116;Technic, Panel Fairing # 5 Long Smooth, Side A
64682;Чёрный левый длинный широкий клык EV3;1;116;Technic, Panel Fairing #18 Large Smooth, Side B
64682;Чёрный правый длинный широкий клык EV3;1;116;Technic, Panel Fairing #17 Large Smooth, Side A
62531;Чёрная длинная закруглённая декоративная панель 11х3;1;116;Technic, Panel Curved 11 x 3 with 2 Pin Holes through Panel Surface
62531;Жёлтая длинная закруглённая декоративная панель 11х3;2;116;Technic, Panel Curved 11 x 3 with 2 Pin Holes through Panel Surface
64394;Жёлтый правый короткий широкий клык EV3;1;116;Technic, Panel Fairing #13 Large Short Smooth, Side A
64680;Жёлтый левый короткий широкий клык EV3;1;116;Technic, Panel Fairing #14 Large Short Smooth, Side B
87080;Жёлтый правый малый клык (короче, чем EV3);4;116;Technic, Panel Fairing # 1 Small Smooth Short, Side A
87086;Жёлтый левый малый клык (короче, чем EV3);4;116;Technic, Panel Fairing # 2 Small Smooth Short, Side B
64782;Синяя панель Technic 5х11х1 с отверстиями по краям;2;116;Technic, Panel Plate 5 x 11 x 1
64782;Жёлтая панель Technic 5х11х1 с отверстиями по краям;2;116;Technic, Panel Plate 5 x 11 x 1
2819;Светло-серое большое рулевое колесо System диаметром 3 модуля;2;116;Technic, Steering Wheel Small, 3 Studs Diameter
2819;Чёрное большое рулевое колесо System диаметром 3 модуля;1;116;Technic, Steering Wheel Small, 3 Studs Diameter
61071;Салатовый левый брызговик EV3;2;116;Technic, Panel Car Mudguard Left
61071;Белый левый брызговик EV3;1;116;Technic, Panel Car Mudguard Left
61070;Белый правый брызговик EV3;4;116;Technic, Panel Car Mudguard Right
50914;Светло-серый большой коготь NXT;20;117;Bionicle Visorak Fang with 2 Pin Holes (Suukorak)
4657296;Меч из EV3 домашнего;9;116;Hero Factory Weapon, Saw with Molded Flat Silver Sword Blade Pattern
2950;Чёрный ковш экскаватора 4х4х9;4;117;Technic Digger Bucket 4 x 4 x 9 with 3 Teeth
;Серая двухцветная круглая деталь переменной кривизны с двумя 3-модульными балками по бокам;19;117;
44224;Тёмно-серая половина серой двухцветной круглой детали переменной кривизны с двумя 3-модульными балками по бокам;2;117;Technic Rotation Joint Disk with Pin Hole and 3L Liftarm Thick
x45pb03;Чёрно-белый футбольный мяч;77;117;Ball, Sports Soccer with Black Pentagons Pattern
43702pb02;Оранжевый баскетбольный мяч;2;117;Ball, Sports Basketball with Standard Black Lines Pattern
;Чёрный цилиндр с засечками с штифтом на одном конце и креплением для поворотного механизма на другом;74;117;
;Чёрная пластина System 1x1 с вертикальным захватом сбоку;36;117;
;Чёрный цилиндр с засечками с креплением для поворотного механизма на одном конце и креплением для оси на другом;93;117;
3062b;Светло-серый цилиндр System 1х1х1;10;117;Brick, Round 1 x 1 Open Stud
3062b;Белый цилиндр System 1х1х1;1;117;Brick, Round 1 x 1 Open Stud
3062b;Жёлтый цилиндр System 1х1х1;29;117;Brick, Round 1 x 1 Open Stud
3062b;Бежевый цилиндр System 1х1х1;19;117;Brick, Round 1 x 1 Open Stud
3062b;Тёмно-серый цилиндр System 1х1х1;7;117;Brick, Round 1 x 1 Open Stud
;Светло-серый цилиндр с засечками с креплением для поворотного механизма на одном конце и креплением для оси на другом;1;117;
;Тёмно-серый цилиндр с засечками с креплением для поворотного механизма на одном конце и креплением для оси на другом;36;117;
41665;Синий кусок туловища Bionicle;2;117;Bionicle Bohrok Rib Cage, Liftarm 2 x 4 x 7 Angled
44847;Чёрная ступня хоккеиста Bionicle;9;117;Sports Hockey Skate
41668;Синяя малая ступня Bionicle;1;117;Bionicle Foot with Ball Joint Socket 2 x 3 x 5
;Чёрный усечённый конус System 2х2 (вверху) х3;2;117;
4694bc01;Пневматический переключатель;9;117;Pneumatic Switch with Pin Holes
3062b;Оранжевый полупрозрачный цилиндр System 1х1х1;1;117;Brick, Round 1 x 1 Open Stud
47224c01;Пневматический цилиндр 48 мм;2;117;Pneumatic Cylinder with 2 Inlets and Rounded End Medium (48mm)
2797c02;Пневматическая помпа;1;117;Pneumatic Pump Second Version with Black Top
x191c01;Малая пневматическая помпа;1;117;Pneumatic Pump Small (5.5L)
;Чёрный кубик 2х2х1 с выступом в виде вертикального захвата с одной стороны;2;117;
;Светло-серый длинный амортизатор;2;117;
;Серо-чёрный короткий амортизатор;7;117;
;Жёлто-чёрный короткий амортизатор;1;117;
;Белая 2-модульная пластина без выступов и со странным захватом снизу;4;117;
2555;Светло-серая пластина 1х1х0,3 с захватом сверху;30;104;Tile, Modified 1 x 1 with Clip
2555;Белая пластина 1х1х0,3 с захватом сверху;1;104;Tile, Modified 1 x 1 with Clip
;Тёмно-серая пластина 1х2х0,3 с двумя вертикальными выступами с одной стороны;5;117;
48336;Чёрная пластина 1х2х0,3 с горизонтальной ручкой с длинной стороны;18;117;Plate, Modified 1 x 2 with Bar Handle on Side - Closed Ends
61252;Тёмно-серая пластина 1х1х0,3 с вертикальным захватом сбоку;5;117;Plate, Modified 1 x 1 with Open O Clip (Horizontal Grip)
60478;Тёмно-серая пластина 1х2х0,3 с горизонтальной рукояткой на коротком конце;1;117;Plate, Modified 1 x 2 with Bar Handle on End
;Красная пластина 1х2х0,3 с двумя вертикальными выступами с одной стороны;7;117;
;Жёлтая пластина 1х2х0,3 с двумя вертикальными выступами с одной стороны;1;117;
;Чёрная пластина 1х2х0,3 с двумя вертикальными выступами с одной стороны;2;117;
;Синяя пластина 1х2х0,3 с двумя вертикальными выступами с одной стороны;1;117;
2540;Тёмно-серая пластина 1х2х0,3 с горизонтальной рукояткой с двумя выступами на длинной стороне;1;117;Plate, Modified 1 x 2 with Bar Handle on Side - Free Ends
3839;"Тёмно-серая пластина 1х2х0,3 с торчащими палочками, как у истребителя из ""Звёздных войн""";2;117;Plate, Modified 1 x 2 with Bar Handles (Undetermined Type)
4590;Тёмно-серая пластина 1х2х0,3 с двумя ушками по углам;1;117;Plate, Modified 1 x 4 Offset
;Чёрная пластина 1х2х0,3 с выступом для поворотной конструкции на месте одного из выступов System;1;117;
;Тёмно-серая пластина 1х3х0,3 с гладким верхом и выступом для поворотного механизма на одном конце;1;117;
4081b;Светло-серая пластина 1х1х0,3 с цилиндрическим горизонтальным выступом сбоку;1;117;Plate, Modified 1 x 1 with Light Attachment - Thick Ring
4081b;Чёрная пластина 1х1х0,3 с цилиндрическим горизонтальным выступом сбоку;1;117;Plate, Modified 1 x 1 with Light Attachment - Thick Ring
;Белая пластина 1х2х0,3 с двумя вертикальными выступами с одной стороны;2;117;
;Светло-серая пластина 1х2х0,3 с двумя вертикальными выступами с одной стороны;2;117;
2540;Чёрная пластина 1х2х0,3 с горизонтальной рукояткой с двумя выступами на длинной стороне;15;117;Plate, Modified 1 x 2 with Bar Handle on Side - Free Ends
4085c;Тёмно-серая пластина 1х1х0,3 с горизонтальным захватом сбоку;2;117;Plate, Modified 1 x 1 with U Clip Thick (Vertical Grip)
;Чёрная деталь Technic с малым шаровидным захватом с одной стороны;1;117;
;Чёрный кубик 2х1х1 с дверной петлёй на углу;3;117;
;Светло-серый кубик 2х1х1 с дверной петлёй на углу;1;117;
;Чёрный левый трапециевидный кубик 3х2х1;4;117;
;Чёрная пластина 1х1х0,3 с зубчиком на одной стороне;1;117;
50948;Чёрный капот System 2х4х0,3;1;117;Wedge 4 x 3 Cut Back with Cutout, 2 Studs
3937;Чёрное основание наклоняющегося кубика System 2х1х1;8;117;Hinge Brick 1 x 2 Base
3937;Светло-серое основание наклоняющегося кубика System 2х1х1;1;117;Hinge Brick 1 x 2 Base
;Чёрное основание руля System;1;117;
30377;Чёрная рука System для боевого дрона;25;117;Arm Mechanical, Battle Droid
4697b;Светло-серый Т-образный соединитель для пневматики;2;117;Pneumatic T Piece Second Version (T Bar with Ball in Center)
;Светло-серая трубка для пневматики;2;117;
;Чёрная трубка для пневматики;2;117;
;Синяя трубка для пневматики;3;117;
54604;Прозрачный кубик 2х4х1 с подсветкой;2;117;Electric, Light Brick 2 x 4 with Red LED
87083;Тёмно-серая 4-модульная ось с заглушкой;92;118;Technic, Axle 4L with Stop
3705;Белая 4-модульная ось;3;101;Technic, Axle 4L
3708;Чёрная 12-модульная ось;57;118;Technic, Axle 12L
3708;Красная 12-модульная ось;34;118;Technic, Axle 12L
44294;Светло-серая 7-модульная ось;126;118;Technic, Axle 7L
92906;Тёмно-серая короткая ось с карданной чашкой;25;118;Technic, Steering CV Joint Narrow with 2L Axle
4519;Жёлтая 3-модульная ось;1;118;Technic, Axle 3L
4519;Чёрная 3-модульная ось;21;118;Technic, Axle 3L
4519;Светло-серая 3-модульная ось;433;118;Technic, Axle 3L
32209;Белая 5,5-модульная ось с замком у одного конца;80;118;Technic, Axle 5.5L with Stop
32209;Тёмно-серая 5,5-модульная ось с замком у одного конца;66;118;Technic, Axle 5.5L with Stop
;Светло-серая 2-модульная ось с эксцентриком;8;118;
;Жёлтая 2-модульная ось с эксцентриком;4;118;
18651;Чёрная 3-модульная ось-штифт (2 модуля оси, 1 модуль штифта);2;118;Technic, Axle 2L with Pin with Friction Ridges
3706;Красная 6-модульная ось;38;118;Technic, Axle 6L
3706;Чёрная 6-модульная ось;176;118;Technic, Axle 6L
3707;Чёрная 8-модульная ось;101;118;Technic, Axle 8L
;Белый крюк с осью с одной стороны и поперечным круглым отверстием в середине;16;118;
32209;Чёрная 5,5-модульная ось с замком у одного конца;3;118;Technic, Axle 5.5L with Stop
44;Белый коннектор для осей с кольцом на конце;25;118;Technic, Axle and Pin Connector Toggle Joint Smooth
52730;Тёмно-серая 4-модульная ось с чашкой для шара на конце;25;118;Technic, Steering CV Joint Wide with 3L Axle
32062;Красная 2-модульная ось с зазубринами;343;118;Technic, Axle 2L Notched
3704;Красная 2-модульная ось без зазубрин;4;118;Technic, Axle 2L
32062;Чёрная 2-модульная ось с зазубринами;800;118;Technic, Axle 2L Notched
41239;Чёрная 13-модульная балка;16;119;Technic, Liftarm Thick 1 x 13
41239;Красная 13-модульная балка;6;119;Technic, Liftarm Thick 1 x 13
41239;Жёлтая 13-модульная балка;15;119;Technic, Liftarm Thick 1 x 13
41239;Синяя 13-модульная балка;1;119;Technic, Liftarm Thick 1 x 13
41239;Белая 13-модульная балка;2;119;Technic, Liftarm Thick 1 x 13
41239;Светло-серая 13-модульная балка;16;119;Technic, Liftarm Thick 1 x 13
41239;Тёмно-серая 13-модульная балка;26;119;Technic, Liftarm Thick 1 x 13
32278;Красная 15-модульная балка;63;119;Technic, Liftarm Thick 1 x 15
32278;Тёмно-серая 15-модульная балка;19;119;Technic, Liftarm Thick 1 x 15
32278;Светло-серая 15-модульная балка;20;119;Technic, Liftarm Thick 1 x 15
32278;Чёрная 15-модульная балка;50;119;Technic, Liftarm Thick 1 x 15
32278;Белая 15-модульная балка;24;119;Technic, Liftarm Thick 1 x 15
32278;Салатовая 15-модульная балка;4;119;Technic, Liftarm Thick 1 x 15
32278;Оранжевая 15-модульная балка;4;119;Technic, Liftarm Thick 1 x 15
32278;Синяя 15-модульная балка;2;119;Technic, Liftarm Thick 1 x 15
32278;Жёлтая 15-модульная балка;17;119;Technic, Liftarm Thick 1 x 15
32524;Жёлтая 7-модульная балка;21;119;Technic, Liftarm Thick 1 x 7
32524;Синяя 7-модульная балка;4;119;Technic, Liftarm Thick 1 x 7
32524;Красная 7-модульная балка;9;119;Technic, Liftarm Thick 1 x 7
32524;Белая 7-модульная балка;24;119;Technic, Liftarm Thick 1 x 7
32524;Чёрная 7-модульная балка;24;119;Technic, Liftarm Thick 1 x 7
32524;Светло-серая 7-модульная балка;52;119;Technic, Liftarm Thick 1 x 7
32524;Тёмно-серая 7-модульная балка;44;119;Technic, Liftarm Thick 1 x 7
43857;Красная 2-модульная балка;7;119;Technic, Liftarm Thick 1 x 2
43857;Светло-серая 2-модульная балка;56;119;Technic, Liftarm Thick 1 x 2
43857;Жёлтая 2-модульная балка;1;119;Technic, Liftarm Thick 1 x 2
43857;Синяя 2-модульная балка;4;119;Technic, Liftarm Thick 1 x 2
43857;Чёрная 2-модульная балка;3;119;Technic, Liftarm Thick 1 x 2
32523;Чёрная 3-модульная балка;79;119;Technic, Liftarm Thick 1 x 3
32523;Жёлтая 3-модульная балка;38;119;Technic, Liftarm Thick 1 x 3
32523;Синяя 3-модульная балка;27;119;Technic, Liftarm Thick 1 x 3
32523;Красная 3-модульная балка;40;119;Technic, Liftarm Thick 1 x 3
32523;Белая 3-модульная балка;4;119;Technic, Liftarm Thick 1 x 3
32523;Зелёная 3-модульная балка;22;119;Technic, Liftarm Thick 1 x 3
32523;Тёмно-серая 3-модульная балка;47;119;Technic, Liftarm Thick 1 x 3
32523;Светло-серая 3-модульная балка;16;119;Technic, Liftarm Thick 1 x 3
4185;Тёмно-серое подкатное колесо NXT без шины;3;120;Technic Wedge Belt Wheel (Pulley)
4185;Светло-серое подкатное колесо NXT без шины;4;120;Technic Wedge Belt Wheel (Pulley)
4185;Коричневое подкатное колесо NXT без шины;1;120;Technic Wedge Belt Wheel (Pulley)
4185;Салатовое подкатное колесо NXT без шины;1;120;Technic Wedge Belt Wheel (Pulley)
;Жёлтое колесо для трактора с крестовидным отверстием и шиной с протектором 43,2х28;4;120;
;Жёлтое колесо для трактора с круглым отверстием и шиной с протектором 37х18;2;120;
;Омниколесо;8;120;
;Чёрное колесо с крестовидным отверстием и шиной с протектором 20х30;2;120;
92911;Шаровая опора (шарик + держатель) из EV3 обр.;8;120;Technic, Steering Ball Joint Large Receptacle
55982c08;Чёрное колесо с крестовидным отверстием и шиной с протектором 30,4х14;43;120;Wheel 18mm D. x 14mm with Axle Hole, Fake Bolts and Shallow Spokes with Black Tire 37 x 14 (55982 / 35578)
55817;Красное колесо с круглым отверстием для повозки викингов;2;120;Wheel Wagon Viking with 12 Holes (55mm D.)
23801c01;Элемент подвески (крепление для колеса с тремя штифтами);25;120;Technic, Steering Axle with 2 Pin Holes and 2 Arms with Axle Holes with Slots with Dark Bluish Gray Wheel Hub 3 Pins Round (23801 / 92909)
;Чёрное колесо с крестовидным отверстием (диск как у NXT2) и тонкой шиной с канавками 37х22;10;120;
;Светло-серое колесо с крестовидным отверстием (диск как у NXT2) и тонкой шиной с канавками 37х22;1;120;
;Коричневое колесо с крестовидным отверстием (диск как у NXT2) и тонкой шиной с канавками 37х22;1;120;
;Шина 49,6х28 с канавками;1;120;
;Шина 43,2х14 с протектором;5;120;
49294;Чёрный колёсный диск 68,8х36;4;121;Wheel 56mm D. x 34mm Technic Racing Medium, 6 Pin Holes, Axle Hole, Open Spokes
;Серое колесо с крестовидным отверстием 68,8х36 и шиной с канавками;1;121;
;Жёлтое колесо бульдозера с крестовидным отверстием и шиной с протектором 81,6х38;2;121;
;Жёлтое колесо бульдозера с крестовидным отверстием и шиной с протектором 68,7х34;2;121;
;Белое колесо для трактора с крестовидным отверстием и шиной с протектором 56х30;4;121;
;Светло-серое колесо NXT1 с шиной с протектором 56х26;23;121;
;Светло-серое колесо NXT2 с шиной с канавками 43,2х22;12;121;
;Чёрное колесо NXT2 с шиной с канавками 43,2х22;19;121;
;Коричневое колесо NXT2 с шиной с канавками 43,2х22;4;121;
;Светло-серое колесо NXT2 без шины;1;121;
;Узкая шина для сумо 62,4х20;4;121;
44772c04;Чёрное колесо с шиной с канавками 69х36;2;121;Wheel 56mm D. x 34mm Technic Racing Medium, 3 Pin Holes with Black Tire 81.6 x 36 R Technic Straight Tread (44772 / x1825)
88517c01;Тёмно-серое колесо от мотоцикла с шиной 75х17;2;121;Wheel 75mm D. x 17mm Motorcycle with Black Tire 94.2mm D. x 22mm Motorcycle Racing Tread (88517 / 88516)
44772c03;Чёрное колесо с шиной с канавками 94,3х38;1;121;Wheel 56mm D. x 34mm Technic Racing Medium, 3 Pin Holes with Black Tire 94.3 x 38 R (44772 / 92912)
15038c01;Чёрное колесо с шиной с протектором 94,8х44;4;122;Wheel 56mm D. x 34mm Technic Racing Medium, 6 Pin Holes with Black Tire 94.8 x 44 R Balloon (15038 / 54120)
;Светло-серое колесо для сумо с крестовидным отверстием и шиной ;2;121;
;Светло-серое колесо бульдозера с крестовидным отверстием и шиной с протектором 68,7х34;2;121;
;Чёрное узкое колесо с крестовидным отверстием и шиной с низкопрофильным протектором 49,5х20;6;121;
;Шина для колеса EV3 обр. 56х28;4;121;
;Большое чёрное колесо с крестовидным отверстием и пузатой шиной с низкопрофильным протектором 81,6х44;2;121;
;Пузатая шина с низкопрофильным протектором 81,6х44;2;121;
;Гусеница NXT2;23;;
;Чёрное пластиковое звено гусеницы;238;121;
;Серое пластиковое звено гусеницы;136;121;
;Красная резиновая вставка для звеньев гусениц;100;121;
42529;Тёмно-серый большой диск для гусениц;24;121;Technic Tread Sprocket Wheel Extra Large
42529;Жёлтый большой диск для пластиковых гусениц;2;121;Technic Tread Sprocket Wheel Extra Large
57520;Малый диск для пластиковых гусениц;22;121;Technic Tread Sprocket Wheel Small
2695;Белое колесо с семью круглыми отверстиями 13х24;18;121;Wheel 30mm D. x 13mm (13 x 24 Model Team)
2695;Светло-серое колесо с семью круглыми отверстиями 13х24;10;121;Wheel 30mm D. x 13mm (13 x 24 Model Team)
2903;Белое большое узкое колесо со спицами и резиной с протектором;13;122;Wheel 61.6mm D. x 13.6mm Motorcycle
;Светло-серое спиралевидное колесо с низкопрофильной гоночной шиной 43,2х22 (по размеру как NXT2);2;122;
;Светло-серое колесо с пузатой шиной с протектором (как NXT2 по размеру);4;122;
;Чёрное узкое колесо с крестовидным отверстием и шиной с низкопрофильным протектором 68,7х27;12;122;
;Чёрное колесо EV3 обр. с шиной;3;122;
;Серое колесо EV3 обр. с шиной и тремя отверстиями в диске;3;122;
;Чёрное колесо EV3 обр. с шиной и шестью отверстиями в диске;7;122;
39367pb01;Голубое малое колесо Spike Prime;50;122;Wheel 56 x 14 Technic with Axle Hole and 8 Pin Holes with Molded Medium Azure Hard Rubber Tire Pattern
49295c01;Голубое большое колесо Spike Prime;51;122;Wheel 88 x 14 Technic with Axle Hole and 28 Pin Holes with Fixed Medium Azure Rubber Tire
;Огромное чёрное колесо с шиной с протектором 107х44;4;122;
42545;Белая панель Technic в виде арки 13х2х5;23;127;Technic, Panel Car Mudguard Arched 13 x 2 x 5 Straight Top
2780;Чёрный 2-модульный штифт;4900;128;Technic, Pin with Short Friction Ridges
47715;Чёрная основа пружинной машинки;1;129;
11125;Мини-мотоцикл System с красным верхом;1;129;
648j8;Серая машинка на дистанционном управлении;1;129;
25369;Жёлтая пластина 11х19х1 со множеством отверстий;8;130;
39794;Чёрная рамка 7х11х1;52;130;Technic, Liftarm, Modified Frame Thick 7 x 11 Open Center
64179;Чёрная рамка 5х7х1 (рамка EV3 без рогов);27;130;Technic, Liftarm, Modified Frame Thick 5 x 7 Open Center
64178;Серая рамка 5х11х1 (рамка EV3 с рогами);22;132;Technic, Liftarm, Modified Frame Thick 5 x 11 Open Center
64179;Серая рамка 5х7х1 (рамка EV3 без рогов);29;132;Technic, Liftarm, Modified Frame Thick 5 x 7 Open Center
39790;Голубая рамка 11х15х1;50;131;Technic, Liftarm, Modified Frame Thick 11 x 15 Open Center
32316;Белая 5-модульная балка;6;132;Technic, Liftarm Thick 1 x 5
32316;Жёлтая 5-модульная балка;37;132;Technic, Liftarm Thick 1 x 5
32316;Синяя 5-модульная балка;6;132;Technic, Liftarm Thick 1 x 5
32316;Чёрная 5-модульная балка;71;132;Technic, Liftarm Thick 1 x 5
32316;Красная 5-модульная балка;10;132;Technic, Liftarm Thick 1 x 5
32316;Светло-серая 5-модульная балка;31;132;Technic, Liftarm Thick 1 x 5
32316;Тёмно-серая 5-модульная балка;37;132;Technic, Liftarm Thick 1 x 5
32316;Коричневая 5-модульная балка;1;132;Technic, Liftarm Thick 1 x 5
32316;Оранжевая 5-модульная балка;3;132;Technic, Liftarm Thick 1 x 5
32348;Белая изогнутая балка 4х4;14;132;Technic, Liftarm, Modified Bent Thick 1 x 7 (4 - 4)
32348;Светло-серая изогнутая балка 4х4;6;132;Technic, Liftarm, Modified Bent Thick 1 x 7 (4 - 4)
32348;Тёмно-серая изогнутая балка 4х4;74;132;Technic, Liftarm, Modified Bent Thick 1 x 7 (4 - 4)
32348;Жёлтая изогнутая балка 4х4;4;132;Technic, Liftarm, Modified Bent Thick 1 x 7 (4 - 4)
32348;Оранжевая изогнутая балка 4х4;2;132;Technic, Liftarm, Modified Bent Thick 1 x 7 (4 - 4)
32348;Салатовая изогнутая балка 4х4;2;132;Technic, Liftarm, Modified Bent Thick 1 x 7 (4 - 4)
32348;Синяя изогнутая балка 4х4;1;132;Technic, Liftarm, Modified Bent Thick 1 x 7 (4 - 4)
32348;Чёрная изогнутая балка 4х4;16;132;Technic, Liftarm, Modified Bent Thick 1 x 7 (4 - 4)
32348;Красная изогнутая балка 4х4;1;132;Technic, Liftarm, Modified Bent Thick 1 x 7 (4 - 4)
60484;Светло-серая Т-образная балка 3х3;6;132;Technic, Liftarm, Modified T-Shape Thick 3 x 3
60484;Тёмно-серая Т-образная балка 3х3;43;132;Technic, Liftarm, Modified T-Shape Thick 3 x 3
60484;Чёрная Т-образная балка 3х3;20;132;Technic, Liftarm, Modified T-Shape Thick 3 x 3
63869;Светло-серая 3-модульная балка с выступом с продольным крестовидным отверстием (из EV3);18;132;Technic, Axle and Pin Connector Perpendicular Triple
32525;Чёрная 11-модульная балка;17;132;Technic, Liftarm Thick 1 x 11
32525;Белая 11-модульная балка;8;132;Technic, Liftarm Thick 1 x 11
32525;Светло-серая 11-модульная балка;19;132;Technic, Liftarm Thick 1 x 11
32525;Тёмно-серая 11-модульная балка;34;132;Technic, Liftarm Thick 1 x 11
32525;Жёлтая 11-модульная балка;17;132;Technic, Liftarm Thick 1 x 11
32525;Красная 11-модульная балка;2;132;Technic, Liftarm Thick 1 x 11
32525;Синяя 11-модульная балка;1;132;Technic, Liftarm Thick 1 x 11
40490;Чёрная 9-модульная балка;41;132;Technic, Liftarm Thick 1 x 9
40490;Красная 9-модульная балка;24;132;Technic, Liftarm Thick 1 x 9
40490;Жёлтая 9-модульная балка;29;132;Technic, Liftarm Thick 1 x 9
40490;Белая 9-модульная балка;20;132;Technic, Liftarm Thick 1 x 9
40490;Светло-серая 9-модульная балка;16;132;Technic, Liftarm Thick 1 x 9
40490;Тёмно-серая 9-модульная балка;23;132;Technic, Liftarm Thick 1 x 9
40490;Серая 9-модульная балка;1;132;Technic, Liftarm Thick 1 x 9
6641;Красная 3-модульная деталь квадратного сечения с крестовидными отверстиями и лопаткой на одном конце;6;115;Technic Changeover Catch
